"","X1","X2"
"1",-74.155544,39.674989
"2",-74.530976,39.309077
"3",-74.723814,39.103907
"4",-74.052615,40.03536
"5",-74.075984,39.946285
"6",-74.146347,39.688871
"7",-74.136917,39.70492
"8",-74.136917,39.70492
"9",-73.855631,40.57343
"10",-74.077882,39.912018
"11",-74.068309,39.961012
"12",-73.855574,40.573255
"13",-74.068315,39.960625
"14",-74.723728,39.103828
"15",-74.077872,39.91209
"16",-74.136925,39.705227
"17",-75.140445,38.287694
"18",-74.050909,40.034559
"19",-75.077978,38.356108
"20",-74.504009,39.324706
"21",-74.051178,40.033538
"22",-74.050802,40.034798
"23",-74.136869,39.705397
"24",-74.077863,39.912164
"25",-75.07819,38.356299
"26",-75.13996,38.287755
"27",-74.050858,40.035139
"28",-74.205306,39.605322
"29",-74.06847,39.960675
"30",-74.504208,39.324923
"31",-74.453069,39.354371
"32",-73.358838,40.667098
"33",-75.078335,38.356352
"34",-75.140075,38.287837
"35",-74.453149,39.354298
"36",-74.077824,39.912302
"37",-74.145531,39.688555
"38",-74.075845,39.946248
"39",-74.205211,39.605433
"40",-74.453242,39.354256
"41",-74.077802,39.912397
"42",-74.051224,40.033321
"43",-74.145797,39.689106
"44",-74.051588,40.03558
"45",-74.503883,39.324942
"46",-74.453332,39.354214
"47",-74.077785,39.912475
"48",-75.139863,38.287656
"49",-75.077554,38.356007
"50",-74.052009,40.03564
"51",-74.145459,39.688679
"52",-74.453451,39.354154
"53",-74.504095,39.324824
"54",-74.051526,40.035804
"55",-74.264038,40.462745
"56",-74.034966,40.105361
"57",-74.077766,39.912551
"58",-74.068594,39.961006
"59",-74.14537,39.688776
"60",-74.051523,40.036057
"61",-74.453546,39.354115
"62",-74.068639,39.96066
"63",-74.485533,39.333802
"64",-74.077751,39.912634
"65",-73.358569,40.66721
"66",-74.051936,40.035993
"67",-74.145268,39.688865
"68",-74.06876,39.961065
"69",-75.0775,38.356192
"70",-74.453683,39.354043
"71",-74.159555,39.668309
"72",-74.503993,39.325038
"73",-74.205129,39.605548
"74",-74.068843,39.960683
"75",-74.051237,40.032988
"76",-74.051424,40.036272
"77",-74.14515,39.688997
"78",-75.077621,38.356238
"79",-74.068926,39.961067
"80",-74.504103,39.325133
"81",-74.051341,40.03648
"82",-74.141258,39.700371
"83",-75.138905,38.287717
"84",-75.138905,38.287717
"85",-74.069009,39.960699
"86",-74.145129,39.689176
"87",-74.051303,40.036714
"88",-74.1414,39.700437
"89",-74.1414,39.700437
"90",-74.141537,39.700523
"91",-74.14504,39.689292
"92",-74.454179,39.353833
"93",-75.138978,38.287578
"94",-74.051521,40.036798
"95",-74.454294,39.353789
"96",-74.069187,39.96073
"97",-74.051751,40.03656
"98",-74.50431,39.325029
"99",-74.722714,39.103341
"100",-74.051282,40.032693
"101",-74.077746,39.912707
"102",-74.069364,39.960763
"103",-75.139048,38.287507
"104",-75.139048,38.287507
"105",-74.052028,40.036225
"106",-74.127171,39.718766
"107",-74.069551,39.960726
"108",-74.004069,40.577594
"109",-74.034689,40.106954
"110",-73.358931,40.666966
"111",-74.504385,39.325152
"112",-74.722848,39.103466
"113",-74.144641,39.688693
"114",-75.139099,38.287433
"115",-74.069726,39.960755
"116",-74.141939,39.700613
"117",-74.051995,40.036814
"118",-74.205319,39.605628
"119",-74.5042,39.325268
"120",-74.127454,39.718811
"121",-74.144534,39.688929
"122",-74.052253,40.036974
"123",-74.069852,39.960847
"124",-74.127796,39.718933
"125",-74.504481,39.325262
"126",-74.129704,39.71988
"127",-74.05115,40.037118
"128",-74.144314,39.688852
"129",-74.070166,39.960798
"130",-74.077498,39.912956
"131",-74.127663,39.71849
"132",-74.051859,40.037174
"133",-74.123356,39.741247
"134",-74.14171,39.700552
"135",-74.144155,39.688755
"136",-74.070021,39.961082
"137",-74.503116,39.324579
"138",-74.127338,39.718402
"139",-74.205483,39.605449
"140",-74.052266,40.03666
"141",-74.075686,39.94611
"142",-74.129819,39.72027
"143",-74.143836,39.688576
"144",-74.141967,39.700979
"145",-74.129489,39.720152
"146",-74.051371,40.032426
"147",-74.077459,39.913108
"148",-74.141737,39.700905
"149",-74.144381,39.689164
"150",-73.358943,40.66763
"151",-74.051105,40.037463
"152",-74.129157,39.720092
"153",-74.069999,39.961199
"154",-74.141448,39.700808
"155",-74.075526,39.946123
"156",-74.077433,39.913309
"157",-74.128837,39.719983
"158",-74.503296,39.324793
"159",-74.070187,39.961197
"160",-74.051209,40.037755
"161",-74.144314,39.689302
"162",-74.128532,39.719894
"163",-73.358825,40.667734
"164",-74.077613,39.913294
"165",-74.069828,39.96118
"166",-74.122758,39.741097
"167",-74.060147,39.99767
"168",-74.155829,39.675138
"169",-74.211365,39.600456
"170",-74.144212,39.689469
"171",-74.141152,39.70074
"172",-74.069672,39.961143
"173",-74.077791,39.913378
"174",-74.205463,39.605697
"175",-74.503427,39.324936
"176",-74.122782,39.741458
"177",-74.143946,39.689513
"178",-74.128212,39.719806
"179",-74.051476,40.032155
"180",-74.069479,39.961141
"181",-74.050635,40.035365
"182",-74.050941,40.037923
"183",-74.069291,39.961133
"184",-74.205598,39.605761
"185",-74.487464,39.33322
"186",-74.503564,39.325089
"187",-74.050829,40.038225
"188",-73.358684,40.667816
"189",-74.069117,39.9611
"190",-74.051512,40.031875
"191",-74.050474,40.035672
"192",-74.143182,39.689434
"193",-74.07538,39.946214
"194",-74.05078,40.038501
"195",-74.503639,39.325208
"196",-74.143031,39.689577
"197",-74.05074,40.038784
"198",-74.051641,40.031615
"199",-74.050563,40.035956
"200",-74.143329,39.689653
"201",-74.050989,40.039088
"202",-74.058742,40.007873
"203",-74.504149,39.324287
"204",-74.050737,40.039299
"205",-74.143504,39.68973
"206",-74.058833,40.007898
"207",-74.050514,40.036217
"208",-74.142895,39.6904
"209",-74.035943,40.097233
"210",-74.143667,39.689785
"211",-75.139396,38.28737
"212",-74.205621,39.605512
"213",-74.0758,39.930513
"214",-74.143833,39.689878
"215",-74.143994,39.689926
"216",-73.359026,40.667464
"217",-75.139659,38.287473
"218",-74.159018,39.668442
"219",-74.050459,40.036539
"220",-74.074128,39.959962
"221",-74.264059,40.462874
"222",-74.122335,39.741045
"223",-74.068451,39.961792
"224",-74.142812,39.689882
"225",-74.127982,39.718557
"226",-74.159155,39.668517
"227",-74.068534,39.961397
"228",-74.128084,39.720047
"229",-74.142964,39.689979
"230",-74.05846,40.007547
"231",-74.127074,39.719023
"232",-74.035469,40.097249
"233",-74.060249,39.997253
"234",-74.142732,39.699669
"235",-74.502958,39.32465
"236",-74.068357,39.961391
"237",-74.128389,39.720148
"238",-74.142715,39.690019
"239",-74.122412,39.741409
"240",-74.127399,39.71914
"241",-74.128631,39.720243
"242",-74.068178,39.961373
"243",-73.359617,40.667423
"244",-74.035613,40.097233
"245",-74.142466,39.699698
"246",-74.126811,39.719427
"247",-74.142643,39.690136
"248",-74.503044,39.324764
"249",-74.067987,39.961325
"250",-74.205781,39.605569
"251",-74.058299,40.007483
"252",-74.035748,40.097233
"253",-74.710061,39.13417
"254",-74.142554,39.690274
"255",-74.127222,39.719439
"256",-74.067915,39.961689
"257",-74.71023,39.134205
"258",-74.035847,40.097237
"259",-74.142822,39.690221
"260",-74.127487,39.719573
"261",-74.068143,39.961665
"262",-74.50313,39.324926
"263",-74.709589,39.134433
"264",-74.058399,40.007514
"265",-74.128937,39.720301
"266",-74.068325,39.961689
"267",-74.060378,39.996924
"268",-74.50328,39.325065
"269",-74.077386,39.913675
"270",-74.051844,40.031034
"271",-74.232391,39.572502
"272",-74.077174,39.941107
"273",-74.003951,40.577631
"274",-73.933773,40.554863
"275",-74.17081,40.450604
"276",-74.129283,39.720418
"277",-74.143088,39.690153
"278",-74.036045,40.097239
"279",-74.142286,39.698831
"280",-74.709715,39.13432
"281",-74.129559,39.720486
"282",-74.067781,39.961329
"283",-74.205699,39.605816
"284",-74.143233,39.690471
"285",-74.121694,39.741291
"286",-74.129857,39.720598
"287",-74.06763,39.961286
"288",-74.50339,39.325162
"289",-74.036137,40.097243
"290",-74.143506,39.690312
"291",-74.067526,39.961428
"292",-74.050342,40.037022
"293",-74.036246,40.097223
"294",-74.067507,39.961539
"295",-74.503462,39.325307
"296",-74.205965,39.605656
"297",-74.051215,40.04009
"298",-74.144941,39.689408
"299",-74.036362,40.097235
"300",-74.067472,39.96166
"301",-74.127896,39.720429
"302",-73.359551,40.667224
"303",-74.143162,39.69911
"304",-74.058243,40.007647
"305",-74.14489,39.689546
"306",-74.128175,39.720524
"307",-74.067732,39.961683
"308",-74.036488,40.097233
"309",-74.128451,39.72059
"310",-74.159698,39.668385
"311",-74.727896,39.106875
"312",-74.050086,40.037242
"313",-74.033068,40.116099
"314",-74.70941,39.134872
"315",-74.1447,39.689622
"316",-74.12637,39.71954
"317",-74.128735,39.720678
"318",-74.035522,40.097143
"319",-74.051821,40.040217
"320",-74.709338,39.135024
"321",-74.033106,40.116019
"322",-74.727711,39.106859
"323",-75.141813,38.287941
"324",-74.12909,39.72075
"325",-74.144729,39.689779
"326",-73.360225,40.667683
"327",-74.502438,39.324944
"328",-74.071852,39.956543
"329",-74.833576,38.981738
"330",-74.368413,39.40282
"331",-74.033461,40.11608
"332",-74.074358,39.935435
"333",-74.035732,40.097122
"334",-74.050602,40.037372
"335",-74.129701,39.720973
"336",-74.709279,39.135143
"337",-74.068663,39.961642
"338",-74.727606,39.106775
"339",-74.144622,39.689891
"340",-74.122069,39.741336
"341",-74.127091,39.717927
"342",-74.035898,40.097114
"343",-74.033482,40.116216
"344",-74.07533,39.946592
"345",-74.50266,39.324919
"346",-74.727459,39.106738
"347",-74.127384,39.719841
"348",-74.051207,40.04031
"349",-74.077345,39.913864
"350",-74.205826,39.605887
"351",-74.127234,39.717632
"352",-74.036037,40.097122
"353",-74.727322,39.106692
"354",-74.144523,39.689992
"355",-74.077309,39.914062
"356",-74.502819,39.325096
"357",-74.127816,39.718237
"358",-73.360195,40.667598
"359",-74.12777,39.720734
"360",-74.051917,40.030728
"361",-74.03623,40.097118
"362",-74.068867,39.961428
"363",-74.121898,39.740966
"364",-74.128017,39.720779
"365",-74.502918,39.325241
"366",-74.075434,39.946628
"367",-74.144509,39.690151
"368",-74.06906,39.961463
"369",-74.70893,39.135886
"370",-74.727665,39.107188
"371",-74.036389,40.097114
"372",-74.139002,39.699482
"373",-74.033459,40.116344
"374",-74.128282,39.720866
"375",-74.06924,39.961486
"376",-74.832571,38.982114
"377",-74.210961,39.600635
"378",-74.587992,39.270718
"379",-74.206085,39.60571
"380",-74.128639,39.720959
"381",-74.502569,39.325085
"382",-74.145998,39.689403
"383",-74.12137,39.741202
"384",-74.138766,39.699376
"385",-74.727494,39.107158
"386",-74.05202,40.03035
"387",-74.069436,39.961498
"388",-74.12898,39.721027
"389",-74.036528,40.097114
"390",-74.058176,40.007658
"391",-74.502631,39.325177
"392",-74.145612,39.689509
"393",-74.727333,39.107048
"394",-74.139481,39.699141
"395",-74.205942,39.605936
"396",-74.129613,39.72127
"397",-74.06976,39.961504
"398",-75.137505,38.287745
"399",-74.058109,40.007619
"400",-74.129489,39.721673
"401",-74.139297,39.699072
"402",-74.033394,40.116583
"403",-74.121425,39.740794
"404",-74.708957,39.135746
"405",-74.145475,39.689657
"406",-74.727193,39.106992
"407",-74.070125,39.961539
"408",-74.129106,39.721569
"409",-74.139124,39.699035
"410",-74.077209,39.914409
"411",-74.05805,40.007596
"412",-74.035546,40.096956
"413",-73.359654,40.667519
"414",-74.12884,39.721514
"415",-74.709011,39.135601
"416",-74.127395,39.717313
"417",-75.137883,38.286842
"418",-74.727067,39.106869
"419",-74.077196,39.914554
"420",-74.145228,39.690328
"421",-74.070034,39.96195
"422",-74.121061,39.741065
"423",-74.035817,40.096962
"424",-74.128561,39.721477
"425",-74.446857,39.358519
"426",-74.128561,39.721477
"427",-74.709062,39.135461
"428",-74.077205,39.914683
"429",-74.069942,39.961808
"430",-74.145416,39.690149
"431",-74.156083,39.675239
"432",-74.128309,39.721322
"433",-74.508843,39.321981
"434",-74.035978,40.09695
"435",-75.137744,38.286762
"436",-74.051952,40.039839
"437",-74.127625,39.716971
"438",-74.0772,39.914808
"439",-74.128003,39.721252
"440",-74.145333,39.689961
"441",-73.359753,40.667651
"442",-74.120987,39.740647
"443",-74.139473,39.698556
"444",-74.054141,40.147685
"445",-74.024562,40.143885
"446",-74.03611,40.096941
"447",-74.708547,39.136589
"448",-74.049918,40.037772
"449",-74.139446,39.6987
"450",-74.069862,39.96192
"451",-74.145336,39.689789
"452",-74.052096,40.029933
"453",-74.139334,39.698781
"454",-74.057902,40.00754
"455",-74.70859,39.13647
"456",-74.077082,39.915149
"457",-74.024672,40.143537
"458",-74.06969,39.961915
"459",-74.0504,40.037881
"460",-74.075411,39.946775
"461",-74.036257,40.096954
"462",-74.05147,40.039564
"463",-74.127445,39.721409
"464",-75.137578,38.287621
"465",-74.138686,39.698923
"466",-74.077078,39.915345
"467",-74.069521,39.961893
"468",-74.127421,39.72166
"469",-74.057819,40.007524
"470",-74.052191,40.029651
"471",-74.025118,40.144058
"472",-75.137642,38.287492
"473",-74.127815,39.721743
"474",-74.049855,40.03806
"475",-74.077035,39.91552
"476",-74.708678,39.136325
"477",-74.07556,39.946557
"478",-74.591284,39.269247
"479",-74.003769,40.577696
"480",-74.606351,39.254677
"481",-74.527655,39.312926
"482",-74.05971,39.99911
"483",-74.025262,40.144097
"484",-74.036373,40.09695
"485",-74.138752,39.698747
"486",-74.138752,39.698747
"487",-74.06935,39.961724
"488",-74.138752,39.698747
"489",-74.159308,39.668581
"490",-74.051966,40.039622
"491",-74.509083,39.321642
"492",-74.138833,39.698638
"493",-74.052291,40.029336
"494",-74.129472,39.71317
"495",-74.069572,39.961739
"496",-74.036523,40.096954
"497",-74.142242,39.690563
"498",-74.057717,40.007462
"499",-75.137698,38.287351
"500",-74.129421,39.713484
"501",-74.142373,39.690677
"502",-74.069765,39.961765
"503",-74.20609,39.605965
"504",-74.075637,39.946598
"505",-74.076948,39.915959
"506",-74.509171,39.321764
"507",-74.142526,39.690755
"508",-74.025268,40.143757
"509",-75.137774,38.287223
"510",-74.069301,39.961872
"511",-74.035592,40.096812
"512",-74.708732,39.136194
"513",-74.049787,40.038302
"514",-74.076951,39.916164
"515",-74.139118,39.698277
"516",-74.142679,39.690809
"517",-74.509281,39.321874
"518",-74.06917,39.961776
"519",-74.052493,40.029166
"520",-74.139072,39.69839
"521",-74.03575,40.096804
"522",-74.14287,39.690869
"523",-74.069213,39.961607
"524",-75.137841,38.28708
"525",-74.129575,39.72275
"526",-74.206231,39.60579
"527",-74.059829,39.998719
"528",-73.842795,40.576178
"529",-74.138955,39.698506
"530",-74.509386,39.321978
"531",-74.035874,40.096802
"532",-74.025603,40.142487
"533",-74.075767,39.946587
"534",-74.068982,39.961829
"535",-74.143031,39.690939
"536",-74.05831,40.007693
"537",-74.129875,39.722824
"538",-74.139319,39.698014
"539",-74.059816,39.998817
"540",-74.036008,40.096812
"541",-74.068789,39.961788
"542",-73.356901,40.669811
"543",-74.509509,39.322094
"544",-74.129908,39.722411
"545",-74.139289,39.697889
"546",-74.143291,39.690966
"547",-74.05147,40.039273
"548",-74.025603,40.142651
"549",-74.068808,39.961667
"550",-74.129981,39.712215
"551",-74.036134,40.096814
"552",-74.049653,40.038609
"553",-74.722559,39.105187
"554",-74.059896,39.9986
"555",-74.058369,40.007697
"556",-74.051547,40.039049
"557",-75.1379,38.286957
"558",-74.142033,39.690951
"559",-74.075851,39.946589
"560",-74.509601,39.322187
"561",-74.025551,40.142832
"562",-74.142349,39.69103
"563",-74.069022,39.961693
"564",-74.129798,39.712538
"565",-74.722714,39.105231
"566",-75.13828,38.287896
"567",-74.051676,40.0388
"568",-74.130117,39.711859
"569",-74.025535,40.143015
"570",-74.142502,39.691106
"571",-74.051741,40.038494
"572",-75.137806,38.287968
"573",-74.076022,39.946648
"574",-74.722808,39.105325
"575",-74.036273,40.096808
"576",-74.058431,40.007727
"577",-74.051837,40.03824
"578",-74.142658,39.691153
"579",-74.049611,40.038877
"580",-74.059686,39.999269
"581",-74.066149,39.998955
"582",-74.531133,39.308954
"583",-74.142811,39.691238
"584",-74.051918,40.037973
"585",-75.138138,38.288155
"586",-74.139482,39.697751
"587",-74.036394,40.096802
"588",-74.058492,40.007764
"589",-74.025483,40.143065
"590",-74.722955,39.1053
"591",-74.143001,39.691341
"592",-74.051966,40.037679
"593",-74.067494,39.962203
"594",-74.036584,40.096794
"595",-74.051853,40.037453
"596",-74.20635,39.606123
"597",-74.141864,39.691323
"598",-75.137886,38.288052
"599",-74.06748,39.962304
"600",-74.025089,40.14456
"601",-74.035659,40.09671
"602",-74.058562,40.007777
"603",-74.067821,39.962327
"604",-74.076189,39.946665
"605",-74.049504,40.039108
"606",-74.142049,39.691381
"607",-74.035836,40.096699
"608",-74.067676,39.962306
"609",-75.137897,38.28789
"610",-74.142202,39.691438
"611",-74.067716,39.962107
"612",-74.035941,40.096699
"613",-74.059645,39.999505
"614",-74.058624,40.007851
"615",-74.07756,39.93063
"616",-74.051153,40.040433
"617",-74.052612,40.028899
"618",-74.142333,39.691502
"619",-74.059648,39.999395
"620",-74.036043,40.096708
"621",-74.142489,39.691552
"622",-74.159411,39.667775
"623",-74.127912,39.722268
"624",-74.077689,39.930684
"625",-73.644678,40.594789
"626",-74.514721,39.321529
"627",-73.684405,40.589902
"628",-74.077319,39.941136
"629",-74.049418,40.039395
"630",-75.137945,38.287795
"631",-74.05111,40.040609
"632",-74.142768,39.69162
"633",-74.128046,39.721835
"634",-74.206512,39.606173
"635",-74.724388,39.105955
"636",-74.70585,39.135753
"637",-74.078048,39.930704
"638",-74.049874,40.039506
"639",-74.706377,39.135913
"640",-74.051003,40.040977
"641",-74.724278,39.106084
"642",-74.12825,39.722346
"643",-74.036332,40.096695
"644",-75.138026,38.287688
"645",-74.142529,39.691991
"646",-74.058557,40.007573
"647",-74.510909,39.320896
"648",-74.206665,39.605987
"649",-74.050957,40.041213
"650",-74.036429,40.096697
"651",-74.142349,39.691952
"652",-75.13831,38.287153
"653",-74.51235,39.32112
"654",-74.036533,40.096689
"655",-74.724361,39.105629
"656",-74.706404,39.13579
"657",-74.142196,39.691888
"658",-74.034686,40.103617
"659",-74.05861,40.007602
"660",-74.050869,40.04138
"661",-74.052633,40.028685
"662",-74.036641,40.096687
"663",-74.142046,39.691799
"664",-75.138243,38.287233
"665",-74.050874,40.041562
"666",-74.51262,39.321332
"667",-74.058667,40.007635
"668",-74.141858,39.691725
"669",-74.035697,40.096539
"670",-74.706506,39.135638
"671",-75.138066,38.287614
"672",-74.141746,39.691591
"673",-74.052667,40.028466
"674",-73.357062,40.669342
"675",-74.03585,40.09656
"676",-74.050818,40.041761
"677",-74.139826,39.69746
"678",-74.706559,39.135488
"679",-75.138103,38.287513
"680",-74.050756,40.041957
"681",-74.036561,40.106933
"682",-74.156348,39.675385
"683",-74.497562,39.329649
"684",-74.052832,40.028246
"685",-75.138136,38.287423
"686",-74.050649,40.042306
"687",-74.058806,40.007674
"688",-74.724441,39.105483
"689",-74.076506,39.946773
"690",-74.706766,39.136027
"691",-75.138203,38.287338
"692",-75.138203,38.287338
"693",-74.724785,39.105412
"694",-74.206807,39.606063
"695",-74.058876,40.007699
"696",-74.052957,40.027953
"697",-74.724954,39.1055
"698",-75.138632,38.287395
"699",-74.725058,39.105577
"700",-74.050464,40.039535
"701",-74.058938,40.007732
"702",-74.067869,39.962131
"703",-74.076687,39.946691
"704",-74.725345,39.105645
"705",-74.068043,39.962096
"706",-75.138195,38.288058
"707",-74.068204,39.962158
"708",-74.206663,39.606244
"709",-74.076783,39.946673
"710",-74.035962,40.096541
"711",-74.725496,39.105733
"712",-75.138567,38.287458
"713",-74.068381,39.962162
"714",-74.131205,40.448053
"715",-74.059048,40.007769
"716",-74.068585,39.962156
"717",-74.141565,39.69161
"718",-75.075001,38.352482
"719",-74.725638,39.105808
"720",-74.052847,40.027686
"721",-74.068781,39.962164
"722",-75.138243,38.287976
"723",-74.142252,39.692411
"724",-74.068953,39.962197
"725",-74.03608,40.096541
"726",-74.725667,39.105947
"727",-74.076964,39.946687
"728",-74.068953,39.962337
"729",-75.138506,38.287541
"730",-74.511811,39.321598
"731",-74.059926,39.99841
"732",-74.036163,40.096548
"733",-74.059918,39.998493
"734",-74.036252,40.09653
"735",-74.077064,39.946734
"736",-74.14207,39.692332
"737",-74.178817,39.643964
"738",-74.003613,40.577708
"739",-74.739955,39.07954
"740",-74.052893,40.027425
"741",-75.067025,38.38222
"742",-74.057723,40.007653
"743",-73.357362,40.669055
"744",-74.067998,39.962431
"745",-74.036351,40.096546
"746",-74.445216,39.373654
"747",-74.206824,39.606314
"748",-74.141869,39.692266
"749",-74.049509,40.039859
"750",-74.511213,39.321876
"751",-75.138339,38.287821
"752",-74.141698,39.692229
"753",-74.036469,40.096544
"754",-75.075062,38.352175
"755",-74.057825,40.007686
"756",-74.206969,39.606125
"757",-74.445426,39.373486
"758",-74.052669,40.027316
"759",-74.050665,40.042139
"760",-74.141492,39.692127
"761",-74.036571,40.096536
"762",-74.069951,39.962279
"763",-74.141257,39.692142
"764",-74.076966,39.916287
"765",-74.445528,39.373778
"766",-75.13842,38.287751
"767",-74.06968,39.962234
"768",-73.995169,40.710174
"769",-74.076877,39.916598
"770",-74.049485,40.040058
"771",-74.069476,39.962248
"772",-74.445933,39.373641
"773",-74.706943,39.136081
"774",-75.138441,38.287644
"775",-74.052941,40.027135
"776",-74.206941,39.606386
"777",-74.069312,39.962191
"778",-74.036689,40.09654
"779",-74.050949,40.039664
"780",-74.050359,40.039943
"781",-74.141138,39.692292
"782",-74.445949,39.373869
"783",-74.707133,39.136087
"784",-74.207101,39.60619
"785",-74.069132,39.962213
"786",-74.141413,39.692407
"787",-74.70731,39.136152
"788",-74.051977,40.039446
"789",-74.12927,40.448893
"790",-74.069283,39.962353
"791",-73.842911,40.576274
"792",-74.368693,39.402618
"793",-74.052071,40.039325
"794",-74.141634,39.692499
"795",-74.057882,40.007709
"796",-74.446145,39.373913
"797",-74.70745,39.136212
"798",-75.138569,38.28673
"799",-74.207176,39.606789
"800",-74.050367,40.040171
"801",-74.069937,39.962392
"802",-74.707635,39.136258
"803",-74.057941,40.007742
"804",-75.138736,38.286801
"805",-73.997543,40.709785
"806",-74.053091,40.026875
"807",-74.707788,39.136329
"808",-74.05261,40.039064
"809",-74.035782,40.096386
"810",-74.446452,39.374022
"811",-74.069634,39.962399
"812",-74.70801,39.136397
"813",-74.058012,40.007766
"814",-74.052376,40.038994
"815",-74.07676,39.917001
"816",-74.142067,39.692646
"817",-74.509933,39.322526
"818",-73.357459,40.668899
"819",-74.207091,39.606462
"820",-74.035807,40.096323
"821",-74.052073,40.038959
"822",-75.137918,38.286543
"823",-74.446508,39.373825
"824",-74.034846,40.103644
"825",-74.050281,40.040315
"826",-74.51007,39.32265
"827",-74.068384,39.96237
"828",-74.058083,40.007781
"829",-74.024899,40.144982
"830",-74.052562,40.038666
"831",-75.138034,38.28661
"832",-73.996894,40.709917
"833",-74.446674,39.374065
"834",-74.077046,39.917031
"835",-74.052264,40.038616
"836",-74.510175,39.322764
"837",-74.074109,39.933446
"838",-74.072887,39.959174
"839",-73.242701,41.132398
"840",-74.531281,39.308833
"841",-74.52765,39.313054
"842",-74.024811,40.145189
"843",-74.058144,40.007824
"844",-74.708147,39.136329
"845",-74.049407,40.040432
"846",-73.996282,40.709999
"847",-74.05232,40.038425
"848",-74.724981,39.106457
"849",-74.44672,39.373825
"850",-74.076896,39.946963
"851",-75.138694,38.287021
"852",-74.708209,39.136148
"853",-74.509604,39.32277
"854",-74.144297,39.69043
"855",-74.708211,39.136023
"856",-74.05294,40.038302
"857",-74.053182,40.026594
"858",-74.50973,39.322893
"859",-74.04926,40.040625
"860",-74.725305,39.106569
"861",-74.144211,39.690529
"862",-74.053313,40.037596
"863",-74.036536,40.095751
"864",-74.076759,39.946902
"865",-74.130124,40.448265
"866",-74.509832,39.322976
"867",-74.72542,39.106644
"868",-74.058282,40.007858
"869",-74.707793,39.135946
"870",-74.144117,39.690682
"871",-75.138562,38.286956
"872",-74.129947,40.448266
"873",-74.053106,40.037062
"874",-74.144005,39.690793
"875",-74.707635,39.135879
"876",-74.035871,40.09625
"877",-75.074221,38.359757
"878",-74.053141,40.0369
"879",-74.725571,39.106682
"880",-74.076853,39.947062
"881",-74.050475,40.040565
"882",-74.058342,40.007866
"883",-74.482881,39.340529
"884",-74.143946,39.690934
"885",-75.138255,38.286748
"886",-74.053154,40.026392
"887",-74.052733,40.037002
"888",-74.576061,39.282514
"889",-74.707458,39.135844
"890",-72.594425,40.936964
"891",-74.058039,40.012865
"892",-74.074117,39.934767
"893",-74.725726,39.106746
"894",-74.076759,39.947074
"895",-74.120493,39.740861
"896",-74.129723,40.448305
"897",-74.052792,40.036791
"898",-74.036177,40.096445
"899",-75.073786,38.360362
"900",-74.143814,39.691004
"901",-74.707289,39.135794
"902",-75.138386,38.28681
"903",-74.207274,39.606246
"904",-74.077317,39.916698
"905",-74.725876,39.106838
"906",-74.062211,39.996808
"907",-74.036365,40.096443
"908",-74.052913,40.036659
"909",-74.143787,39.691161
"910",-75.13846,38.286902
"911",-74.05302,40.036308
"912",-74.707112,39.135742
"913",-74.726021,39.106915
"914",-74.120183,39.74071
"915",-74.049217,40.040793
"916",-74.143731,39.691303
"917",-74.07662,39.946907
"918",-74.077528,39.916701
"919",-74.053101,40.036162
"920",-74.062243,39.996676
"921",-74.706959,39.135713
"922",-74.120502,39.740506
"923",-74.052513,40.035774
"924",-75.139127,38.287268
"925",-74.726204,39.106959
"926",-74.053216,40.026153
"927",-74.062291,39.996555
"928",-74.143653,39.691421
"929",-74.509381,39.322903
"930",-74.706801,39.135644
"931",-74.077875,39.916759
"932",-74.058474,40.007917
"933",-74.726544,39.107165
"934",-74.03623,40.09626
"935",-74.20727,39.606515
"936",-74.049104,40.041393
"937",-74.143511,39.691528
"938",-75.138797,38.287092
"939",-74.062101,39.996499
"940",-74.119783,39.740228
"941",-74.078055,39.916784
"942",-74.726724,39.107202
"943",-74.036405,40.096252
"944",-74.156637,39.675508
"945",-73.929773,40.552202
"946",-74.034653,40.109268
"947",-74.207404,39.606328
"948",-74.058519,40.007972
"949",-74.143495,39.691681
"950",-74.076582,39.947038
"951",-74.050721,40.040007
"952",-74.143323,39.691761
"953",-74.036689,40.096258
"954",-74.077239,39.916282
"955",-74.058588,40.007977
"956",-75.138908,38.287175
"957",-74.143283,39.691887
"958",-74.726877,39.107321
"959",-74.077445,39.916314
"960",-74.036418,40.096162
"961",-74.036418,40.096162
"962",-74.058655,40.008018
"963",-74.727054,39.107408
"964",-74.036241,40.096154
"965",-74.507232,39.324244
"966",-74.077619,39.916355
"967",-74.076436,39.94702
"968",-74.727244,39.107506
"969",-74.058747,40.008037
"970",-74.02475,40.145384
"971",-74.507434,39.324405
"972",-74.143246,39.692005
"973",-74.035954,40.096182
"974",-74.706728,39.135203
"975",-74.049048,40.041578
"976",-74.706819,39.134922
"977",-74.143141,39.692166
"978",-74.077774,39.916363
"979",-74.120002,39.739827
"980",-74.024779,40.14564
"981",-74.137229,40.448744
"982",-74.076337,39.946959
"983",-75.139026,38.287231
"984",-74.706758,39.135083
"985",-74.207408,39.606598
"986",-74.035994,40.095998
"987",-74.727472,39.107533
"988",-74.145161,39.690793
"989",-74.036308,40.095994
"990",-75.139418,38.28722
"991",-74.024681,40.145916
"992",-75.122336,39.915193
"993",-74.070251,39.982775
"994",-74.36018,39.410742
"995",-74.078454,39.939549
"996",-74.137151,40.448833
"997",-74.03645,40.095994
"998",-74.050252,40.040834
"999",-74.076223,39.946911
"1000",-74.147813,40.732644
"1001",-74.142584,40.731312
"1002",-74.142222,40.73219
"1003",-74.140671,40.72958
"1004",-74.140422,40.737596
"1005",-74.140229,40.737671
"1006",-74.140049,40.737803
"1007",-74.13995,40.729972
"1008",-73.997543,40.709785
"1009",-73.975085,40.721254
"1010",-73.972371,40.744496
"1011",-73.965214,40.769613
"1012",-73.962524,40.755064
"1013",-73.96177,40.764786
"1014",-73.954923,40.76473
"1015",-73.954779,40.785168
"1016",-73.954135,40.765693
"1017",-73.954097,40.764759
"1018",-73.953783,40.765053
"1019",-73.95344,40.765459
"1020",-73.953193,40.764118
"1021",-73.953072,40.767221
"1022",-73.952997,40.765819
"1023",-73.952895,40.766713
"1024",-73.952807,40.765183
"1025",-73.952434,40.765974
"1026",-73.952413,40.767331
"1027",-73.952354,40.767733
"1028",-73.952303,40.764931
"1029",-73.952099,40.765638
"1030",-73.951737,40.76898
"1031",-73.95167,40.766264
"1032",-73.951388,40.766457
"1033",-73.950954,40.768801
"1034",-73.950723,40.770365
"1035",-73.950691,40.769374
"1036",-73.950425,40.767539
"1037",-73.950058,40.770048
"1038",-73.949958,40.771618
"1039",-73.949932,40.768003
"1040",-73.94954,40.771241
"1041",-73.949417,40.771631
"1042",-73.9491,40.771476
"1043",-73.948821,40.770932
"1044",-73.948741,40.770172
"1045",-73.94866,40.771318
"1046",-73.948475,40.764143
"1047",-73.948349,40.77159
"1048",-73.948333,40.770781
"1049",-73.94811,40.764842
"1050",-73.9481,40.76446
"1051",-73.948086,40.77105
"1052",-73.947829,40.771371
"1053",-73.947705,40.771708
"1054",-73.947611,40.765346
"1055",-73.947528,40.770725
"1056",-73.947375,40.764728
"1057",-73.947217,40.77118
"1058",-73.947,40.766101
"1059",-73.946949,40.771464
"1060",-73.946624,40.76663
"1061",-73.946616,40.771708
"1062",-73.946158,40.766215
"1063",-73.946145,40.765376
"1064",-73.951469,40.768606
"1065",-73.955148,40.764421
"1066",-73.945765,40.773133
"1067",-73.953734,40.773931
"1068",-73.953469,40.766238
"1069",-73.944341,40.810435
"1070",-73.948413,40.807841
"1071",-73.956294,40.777046
"1072",-73.945978,40.807754
"1073",-73.949095,40.769067
"1074",-73.94842,40.80612
"1075",-73.956978,40.776996
"1076",-73.957935,40.760038
"1077",-73.950242,40.761796
"1078",-73.949932,40.768003
"1079",-73.979513,40.725629
"1080",-73.979137,40.725447
"1081",-73.97897,40.724324
"1082",-73.978862,40.724669
"1083",-73.978578,40.724913
"1084",-73.978494,40.724186
"1085",-73.978353,40.724409
"1086",-73.978032,40.725634
"1087",-73.977945,40.724787
"1088",-73.977747,40.72419
"1089",-73.977092,40.723486
"1090",-73.977083,40.725487
"1091",-73.977077,40.726016
"1092",-73.977056,40.725089
"1093",-73.976883,40.722929
"1094",-73.976831,40.725386
"1095",-73.97677,40.723742
"1096",-73.976503,40.725312
"1097",-73.976497,40.723437
"1098",-73.976486,40.724072
"1099",-73.976402,40.726365
"1100",-73.976352,40.723629
"1101",-73.976314,40.724328
"1102",-73.976241,40.725634
"1103",-73.976234,40.722478
"1104",-73.976145,40.728309
"1105",-73.976115,40.726715
"1106",-73.976078,40.72395
"1107",-73.975998,40.722929
"1108",-73.975966,40.724185
"1109",-73.975871,40.728927
"1110",-73.975692,40.72458
"1111",-73.975665,40.723328
"1112",-73.975547,40.73522
"1113",-73.975381,40.723799
"1114",-73.975278,40.726914
"1115",-73.975225,40.722032
"1116",-73.975145,40.724368
"1117",-73.975134,40.728533
"1118",-73.975089,40.732575
"1119",-73.975055,40.726125
"1120",-73.974983,40.726853
"1121",-73.974971,40.73327
"1122",-73.974898,40.722446
"1123",-73.974839,40.727539
"1124",-73.97478,40.722898
"1125",-73.974685,40.724942
"1126",-73.974673,40.724043
"1127",-73.974636,40.716569
"1128",-73.974547,40.731774
"1129",-73.97454,40.72641
"1130",-73.974383,40.72341
"1131",-73.974159,40.725455
"1132",-73.974012,40.723918
"1133",-73.973984,40.727966
"1134",-73.973966,40.724885
"1135",-73.973827,40.725999
"1136",-73.973663,40.744488
"1137",-73.973628,40.726211
"1138",-73.973476,40.724626
"1139",-73.97334,40.727714
"1140",-73.973304,40.72513
"1141",-73.973001,40.72556
"1142",-73.972954,40.727592
"1143",-73.972746,40.726044
"1144",-73.996695,40.709426
"1145",-73.995383,40.709559
"1146",-73.99101,40.721477
"1147",-73.982145,40.729125
"1148",-73.981236,40.705284
"1149",-73.995169,40.710174
"1150",-73.996894,40.709917
"1151",-73.996282,40.709999
"1152",-73.948837,40.771826
"1153",-73.94873,40.772159
"1154",-73.948344,40.772
"1155",-73.943618,40.81388
"1156",-73.94353,40.777292
"1157",-73.94353,40.777292
"1158",-73.940689,40.80968
"1159",-73.936801,40.793613
"1160",-73.935204,40.811947
"1161",-73.932189,40.809741
"1162",-73.932004,40.86832
"1163",-73.977147,40.776789
"1164",-74.001877,40.70721
"1165",-74.001762,40.707273
"1166",-74.001718,40.70753
"1167",-74.001615,40.707318
"1168",-74.017094,40.714457
"1169",-74.017038,40.710628
"1170",-74.016936,40.7116
"1171",-74.016794,40.709958
"1172",-74.016625,40.710994
"1173",-74.016398,40.715436
"1174",-74.016362,40.711458
"1175",-74.016236,40.713928
"1176",-74.016146,40.71644
"1177",-74.015851,40.717286
"1178",-74.015784,40.712133
"1179",-74.015717,40.714805
"1180",-74.015562,40.716253
"1181",-74.015536,40.711189
"1182",-74.015461,40.710685
"1183",-74.01524,40.717859
"1184",-74.015172,40.713402
"1185",-74.015139,40.711531
"1186",-74.015057,40.71692
"1187",-74.014848,40.715911
"1188",-74.014553,40.717554
"1189",-74.01436,40.716574
"1190",-74.014317,40.718005
"1191",-74.013984,40.717123
"1192",-74.008008,40.715189
"1193",-74.007996,40.71841
"1194",-74.007927,40.715427
"1195",-74.007883,40.716838
"1196",-74.007813,40.715984
"1197",-74.007801,40.71352
"1198",-74.007761,40.712853
"1199",-74.007758,40.714312
"1200",-74.007755,40.710979
"1201",-74.007686,40.710405
"1202",-74.007671,40.718208
"1203",-74.007579,40.714538
"1204",-74.007482,40.71419
"1205",-74.007422,40.716615
"1206",-74.007421,40.715029
"1207",-74.007321,40.713317
"1208",-74.007165,40.710153
"1209",-74.007107,40.715423
"1210",-74.006983,40.71108
"1211",-74.00695,40.717163
"1212",-74.006945,40.711381
"1213",-74.006908,40.714217
"1214",-74.006894,40.713882
"1215",-74.00687,40.710527
"1216",-74.006777,40.715637
"1217",-74.006735,40.717639
"1218",-74.006488,40.718237
"1219",-74.006468,40.709795
"1220",-74.006431,40.715108
"1221",-74.006424,40.716118
"1222",-74.006355,40.710735
"1223",-74.006332,40.714413
"1224",-74.006323,40.711365
"1225",-74.006209,40.717944
"1226",-74.006209,40.714575
"1227",-74.006169,40.715423
"1228",-74.006162,40.710149
"1229",-74.006066,40.710897
"1230",-74.006033,40.711487
"1231",-74.005963,40.718277
"1232",-74.005952,40.717773
"1233",-74.005915,40.712658
"1234",-74.005839,40.714901
"1235",-74.00579,40.715132
"1236",-74.003663,40.706492
"1237",-74.003419,40.706251
"1238",-74.002798,40.749912
"1239",-74.002243,40.750595
"1240",-74.002734,40.750042
"1241",-74.002352,40.750457
"1242",-74.002107,40.750777
"1243",-74.00222,40.707019
"1244",-74.002301,40.706985
"1245",-74.002396,40.706961
"1246",-74.002563,40.707194
"1247",-74.002035,40.7074
"1248",-74.001919,40.707467
"1249",-74.004953,40.746946
"1250",-74.004808,40.747194
"1251",-74.002059,40.707108
"1252",-74.002153,40.707057
"1253",-74.002284,40.707209
"1254",-74.004697,40.747363
"1255",-74.002715,40.750162
"1256",-74.002944,40.706723
"1257",-74.003534,40.706352
"1258",-74.002485,40.750371
"1259",-74.003623,40.706446
"1260",-74.004303,40.747023
"1261",-74.004121,40.747295
"1262",-74.003577,40.706397
"1263",-74.003703,40.706537
"1264",-74.004528,40.747488
"1265",-74.00372,40.706606
"1266",-74.003805,40.706702
"1267",-74.021414,40.689702
"1268",-74.012355,40.717402
"1269",-74.012548,40.716589
"1270",-74.012149,40.715773
"1271",-74.012589,40.715968
"1272",-74.011988,40.714341
"1273",-74.012213,40.713008
"1274",-74.013511,40.712569
"1275",-74.013018,40.713658
"1276",-74.012739,40.715525
"1277",-74.013868,40.710368
"1278",-74.014082,40.710002
"1279",-74.012009,40.71021
"1280",-74.014489,40.714785
"1281",-74.012457,40.711842
"1282",-74.013992,40.711763
"1283",-74.013981,40.711377
"1284",-74.012151,40.712604
"1285",-74.010508,40.724539
"1286",-74.011859,40.715163
"1287",-74.011698,40.716041
"1288",-74.011497,40.710782
"1289",-74.011366,40.711516
"1290",-74.011218,40.71214
"1291",-74.011205,40.717968
"1292",-74.011022,40.71511
"1293",-74.011003,40.713636
"1294",-74.01081,40.714222
"1295",-74.010755,40.715987
"1296",-74.01068,40.71564
"1297",-74.010664,40.71639
"1298",-74.010553,40.712595
"1299",-74.010506,40.71699
"1300",-74.010467,40.714742
"1301",-74.010448,40.710125
"1302",-74.010306,40.71578
"1303",-74.010303,40.715503
"1304",-74.010199,40.716805
"1305",-74.010136,40.716158
"1306",-74.010125,40.718271
"1307",-74.010124,40.713189
"1308",-74.010123,40.718499
"1309",-74.010043,40.715373
"1310",-74.010042,40.715677
"1311",-74.010025,40.717724
"1312",-74.010003,40.717045
"1313",-74.009849,40.715584
"1314",-74.009828,40.718245
"1315",-74.009754,40.712017
"1316",-74.009725,40.715916
"1317",-74.009722,40.716611
"1318",-74.009665,40.715317
"1319",-74.009641,40.713645
"1320",-74.009616,40.718469
"1321",-74.009602,40.715534
"1322",-74.009547,40.71054
"1323",-74.009504,40.715849
"1324",-74.009497,40.711915
"1325",-74.009415,40.716074
"1326",-74.00936,40.716697
"1327",-74.00935,40.71496
"1328",-74.009333,40.709889
"1329",-74.009286,40.717542
"1330",-74.009163,40.718151
"1331",-74.00916,40.718397
"1332",-74.009068,40.715218
"1333",-74.008927,40.711938
"1334",-74.008923,40.711688
"1335",-74.008907,40.714026
"1336",-74.008893,40.710353
"1337",-74.008841,40.716539
"1338",-74.008762,40.715579
"1339",-74.008711,40.714197
"1340",-74.008663,40.715053
"1341",-74.008651,40.709861
"1342",-74.008606,40.713349
"1343",-74.008545,40.714626
"1344",-74.008539,40.715699
"1345",-74.008469,40.711751
"1346",-74.008458,40.710767
"1347",-74.008377,40.717017
"1348",-74.008363,40.718221
"1349",-74.008346,40.715594
"1350",-74.008319,40.715321
"1351",-74.008296,40.718495
"1352",-74.008219,40.713906
"1353",-74.008201,40.712178
"1354",-74.008158,40.713114
"1355",-74.008092,40.718113
"1356",-74.008082,40.717737
"1357",-74.008013,40.710027
"1358",-74.083888,40.576147
"1359",-74.08388,40.576341
"1360",-74.083874,40.575574
"1361",-74.083859,40.575813
"1362",-74.083733,40.575699
"1363",-74.083666,40.576629
"1364",-74.083615,40.57725
"1365",-74.083526,40.576729
"1366",-74.083231,40.576992
"1367",-74.083111,40.577079
"1368",-74.083025,40.576939
"1369",-74.083011,40.577149
"1370",-74.082877,40.576796
"1371",-74.082767,40.576704
"1372",-74.082652,40.576613
"1373",-74.082581,40.578161
"1374",-74.08256,40.583427
"1375",-74.082553,40.576527
"1376",-74.082506,40.582771
"1377",-74.082449,40.578285
"1378",-74.082405,40.576399
"1379",-74.082201,40.576509
"1380",-74.082189,40.578104
"1381",-74.081977,40.578351
"1382",-74.081971,40.576692
"1383",-74.081621,40.582775
"1384",-74.081547,40.577226
"1385",-74.081411,40.583942
"1386",-74.081397,40.577173
"1387",-74.081255,40.577124
"1388",-74.081188,40.577087
"1389",-74.081126,40.578624
"1390",-74.081,40.578727
"1391",-74.080616,40.578546
"1392",-74.080526,40.583936
"1393",-74.080493,40.578477
"1394",-74.080462,40.58328
"1395",-74.080435,40.58219
"1396",-74.080428,40.57844
"1397",-74.080321,40.578385
"1398",-74.08027,40.578359
"1399",-74.080243,40.578149
"1400",-74.080179,40.578179
"1401",-74.080171,40.578353
"1402",-74.08017,40.579703
"1403",-74.080136,40.579754
"1404",-74.080033,40.579603
"1405",-74.079991,40.578214
"1406",-74.079967,40.579172
"1407",-74.079924,40.578263
"1408",-74.079917,40.579626
"1409",-74.07981,40.57956
"1410",-74.079685,40.579515
"1411",-74.079595,40.583311
"1412",-74.079577,40.57943
"1413",-74.07952,40.579393
"1414",-74.079463,40.579352
"1415",-74.079409,40.579312
"1416",-74.079339,40.579303
"1417",-74.079279,40.579264
"1418",-74.079213,40.57924
"1419",-74.079164,40.579199
"1420",-74.078818,40.593365
"1421",-74.078741,40.57943
"1422",-74.083162,40.576423
"1423",-74.08347,40.576429
"1424",-74.076969,40.597098
"1425",-74.080694,40.579087
"1426",-74.070709,40.593279
"1427",-74.068445,40.594429
"1428",-74.079997,40.580022
"1429",-74.079914,40.578638
"1430",-74.079895,40.579121
"1431",-74.079888,40.580029
"1432",-74.079838,40.578632
"1433",-74.079798,40.579076
"1434",-74.079787,40.580011
"1435",-74.079785,40.57859
"1436",-74.07975,40.578545
"1437",-74.079737,40.579036
"1438",-74.079726,40.579954
"1439",-74.079678,40.579007
"1440",-74.079606,40.579838
"1441",-74.079602,40.578962
"1442",-74.079581,40.578775
"1443",-74.079554,40.578447
"1444",-74.079494,40.579818
"1445",-74.079482,40.578533
"1446",-74.079419,40.579799
"1447",-74.079388,40.578616
"1448",-74.079366,40.579755
"1449",-74.079361,40.578665
"1450",-74.079317,40.579715
"1451",-74.079273,40.578787
"1452",-74.079252,40.579689
"1453",-74.079183,40.579667
"1454",-74.079165,40.578838
"1455",-74.07907,40.579603
"1456",-74.078983,40.579031
"1457",-74.078839,40.579283
"1458",-74.07881,40.598748
"1459",-74.078792,40.57933
"1460",-74.07891,40.579486
"1461",-74.074798,40.638102
"1462",-74.074698,40.637261
"1463",-74.074632,40.636887
"1464",-74.074543,40.637489
"1465",-74.074331,40.636923
"1466",-74.074272,40.638069
"1467",-74.073807,40.644186
"1468",-74.073752,40.638065
"1469",-74.073699,40.639074
"1470",-74.073631,40.640305
"1471",-74.073511,40.64175
"1472",-74.072519,40.644036
"1473",-74.071559,40.643232
"1474",-74.068509,40.620143
"1475",-74.068263,40.619219
"1476",-74.067336,40.617775
"1477",-74.067283,40.618882
"1478",-74.066907,40.617502
"1479",-74.066904,40.618022
"1480",-74.066832,40.618226
"1481",-74.066448,40.617672
"1482",-74.065824,40.617619
"1483",-74.065713,40.617627
"1484",-74.06109,40.61148
"1485",-74.060763,40.611613
"1486",-74.060492,40.611694
"1487",-74.060347,40.611765
"1488",-74.070702,40.619334
"1489",-74.073483,40.634467
"1490",-74.073483,40.634467
"1491",-74.073891,40.634288
"1492",-74.074863,40.629385
"1493",-74.074798,40.638102
"1494",-74.068616,40.620036
"1495",-74.068268,40.619275
"1496",-74.066798,40.618271
"1497",-74.065931,40.616944
"1498",-74.065795,40.618991
"1499",-74.065492,40.617477
"1500",-74.065263,40.617083
"1501",-74.065016,40.616973
"1502",-74.0646,40.616726
"1503",-74.081209,40.578895
"1504",-74.08067,40.579144
"1505",-74.079027,40.579176
"1506",-74.080627,40.579182
"1507",-74.080555,40.579266
"1508",-74.080568,40.579913
"1509",-74.080564,40.579974
"1510",-74.080459,40.580041
"1511",-74.073022,40.625599
"1512",-74.073086,40.62626
"1513",-74.07417,40.635997
"1514",-74.0735,40.636184
"1515",-74.078904,40.579187
"1516",-74.080319,40.579374
"1517",-74.080427,40.580102
"1518",-74.080139,40.579235
"1519",-74.07898,40.579095
"1520",-74.080371,40.58018
"1521",-74.078875,40.579242
"1522",-74.06055,40.611919
"1523",-74.062277,40.61404
"1524",-74.062414,40.614371
"1525",-74.063007,40.615125
"1526",-74.063509,40.615615
"1527",-74.063586,40.615719
"1528",-74.063695,40.615833
"1529",-74.063776,40.615922
"1530",-74.071299,40.621804
"1531",-74.071214,40.62171
"1532",-74.07066,40.619352
"1533",-74.071664,40.622541
"1534",-74.086034,40.574726
"1535",-74.085053,40.575517
"1536",-74.084969,40.575458
"1537",-74.084842,40.57634
"1538",-74.084811,40.575346
"1539",-74.084787,40.575617
"1540",-74.084771,40.575273
"1541",-74.084768,40.575955
"1542",-74.084765,40.575044
"1543",-74.084723,40.575544
"1544",-74.084723,40.57587
"1545",-74.08471,40.576224
"1546",-74.084696,40.575204
"1547",-74.084642,40.575485
"1548",-74.084623,40.575827
"1549",-74.084562,40.575434
"1550",-74.084558,40.576344
"1551",-74.084548,40.57577
"1552",-74.084414,40.575642
"1553",-74.08436,40.576581
"1554",-74.084358,40.575346
"1555",-74.084339,40.575218
"1556",-74.08424,40.576107
"1557",-74.084221,40.577043
"1558",-74.084165,40.576402
"1559",-74.084157,40.576052
"1560",-74.084094,40.573665
"1561",-74.084089,40.576331
"1562",-74.084087,40.576918
"1563",-74.084068,40.57598
"1564",-74.084004,40.576284
"1565",-74.083974,40.576859
"1566",-74.083806,40.576091
"1567",-74.083649,40.57393
"1568",-74.08364,40.57595
"1569",-74.083625,40.576215
"1570",-74.083436,40.575785
"1571",-74.083411,40.576381
"1572",-74.083404,40.576059
"1573",-74.083328,40.576324
"1574",-74.083146,40.576222
"1575",-74.082861,40.576142
"1576",-74.082431,40.582034
"1577",-74.082125,40.578181
"1578",-74.082082,40.578283
"1579",-74.081784,40.57788
"1580",-74.081756,40.577261
"1581",-74.081707,40.577976
"1582",-74.081674,40.581993
"1583",-74.081335,40.577142
"1584",-74.081212,40.577379
"1585",-74.081212,40.57856
"1586",-74.081094,40.577587
"1587",-74.080934,40.58053
"1588",-74.08078,40.579015
"1589",-74.080678,40.577988
"1590",-74.080541,40.578063
"1591",-74.080455,40.578895
"1592",-74.080394,40.578098
"1593",-74.080313,40.578922
"1594",-74.080306,40.580277
"1595",-74.080209,40.578856
"1596",-74.080151,40.581243
"1597",-74.08006,40.579854
"1598",-74.080022,40.579902
"1599",-74.08001,40.579211
"1600",-74.080005,40.578787
"1601",-74.084466,40.576059
"1602",-74.084405,40.576006
"1603",-74.084327,40.575924
"1604",-74.084249,40.575863
"1605",-74.084179,40.575808
"1606",-74.082322,40.577974
"1607",-74.084034,40.575686
"1608",-74.084045,40.5758
"1609",-74.083344,40.576578
"1610",-74.235103,40.501211
"1611",-74.234325,40.501466
"1612",-74.234135,40.501593
"1613",-74.233094,40.501768
"1614",-74.232024,40.502117
"1615",-74.25426,40.502281
"1616",-74.251332,40.504635
"1617",-74.149617,40.534206
"1618",-74.149357,40.534483
"1619",-74.149524,40.534603
"1620",-74.149274,40.534666
"1621",-74.149153,40.534731
"1622",-74.14877,40.534915
"1623",-74.149717,40.535037
"1624",-74.148628,40.535064
"1625",-74.149333,40.535233
"1626",-74.147716,40.535304
"1627",-74.149502,40.535326
"1628",-74.148955,40.535359
"1629",-74.149666,40.535413
"1630",-74.149089,40.535436
"1631",-74.148464,40.535492
"1632",-74.149231,40.535515
"1633",-74.148303,40.535522
"1634",-74.148577,40.535565
"1635",-74.148024,40.535567
"1636",-74.149408,40.535609
"1637",-74.148708,40.535615
"1638",-74.148153,40.535645
"1639",-74.148805,40.535693
"1640",-74.149577,40.535695
"1641",-74.148279,40.535703
"1642",-74.148942,40.53576
"1643",-74.1476,40.535765
"1644",-74.148386,40.53577
"1645",-74.149735,40.535805
"1646",-74.1477,40.535825
"1647",-74.149076,40.535827
"1648",-74.148488,40.535827
"1649",-74.148614,40.535888
"1650",-74.14914,40.535925
"1651",-74.147933,40.535949
"1652",-74.148716,40.535972
"1653",-74.149298,40.535978
"1654",-74.149414,40.536004
"1655",-74.148856,40.536033
"1656",-74.147571,40.536053
"1657",-74.148097,40.536055
"1658",-74.149011,40.536131
"1659",-74.147737,40.536131
"1660",-74.148282,40.536133
"1661",-74.147882,40.536214
"1662",-74.148407,40.536244
"1663",-74.149258,40.536278
"1664",-74.148508,40.536278
"1665",-74.147324,40.535908
"1666",-74.147973,40.536288
"1667",-74.147198,40.536322
"1668",-74.148091,40.536341
"1669",-74.149422,40.536367
"1670",-74.148172,40.536441
"1671",-74.14708,40.536443
"1672",-74.147528,40.536502
"1673",-74.148322,40.536514
"1674",-74.147005,40.536524
"1675",-74.148512,40.536575
"1676",-74.147708,40.53659
"1677",-74.14785,40.536661
"1678",-74.147912,40.536706
"1679",-74.148734,40.536707
"1680",-74.148008,40.536781
"1681",-74.147289,40.53682
"1682",-74.148145,40.53684
"1683",-74.148255,40.536922
"1684",-74.14745,40.536922
"1685",-74.147595,40.537014
"1686",-74.147056,40.537032
"1687",-74.145943,40.537132
"1688",-74.144068,40.537135
"1689",-74.144258,40.537145
"1690",-74.147241,40.537173
"1691",-74.147882,40.537215
"1692",-74.146072,40.537217
"1693",-74.147378,40.537266
"1694",-74.146233,40.537295
"1695",-74.145555,40.537377
"1696",-74.148164,40.53738
"1697",-74.147544,40.537389
"1698",-74.146335,40.537409
"1699",-74.14563,40.53743
"1700",-74.148295,40.537452
"1701",-74.146989,40.537478
"1702",-74.145686,40.537483
"1703",-74.147697,40.537493
"1704",-74.146469,40.537503
"1705",-74.145748,40.53752
"1706",-74.145748,40.53752
"1707",-74.148432,40.537562
"1708",-74.146614,40.537588
"1709",-74.14574,40.537646
"1710",-74.146732,40.537678
"1711",-74.147992,40.537688
"1712",-74.145944,40.537695
"1713",-74.148695,40.537719
"1714",-74.14674,40.537744
"1715",-74.148145,40.537784
"1716",-74.145144,40.537805
"1717",-74.146081,40.537816
"1718",-74.14684,40.537828
"1719",-74.148252,40.537888
"1720",-74.14537,40.537891
"1721",-74.14618,40.537916
"1722",-74.146295,40.537966
"1723",-74.145493,40.537983
"1724",-74.148405,40.537986
"1725",-74.144656,40.538042
"1726",-74.146475,40.53805
"1727",-74.145531,40.538072
"1728",-74.145606,40.538146
"1729",-74.145845,40.538193
"1730",-74.144857,40.538203
"1731",-74.145021,40.538287
"1732",-74.145115,40.538366
"1733",-74.147725,40.53847
"1734",-74.145292,40.538474
"1735",-74.14538,40.538535
"1736",-74.14548,40.538582
"1737",-74.145528,40.538637
"1738",-74.147293,40.538648
"1739",-74.144532,40.537383
"1740",-74.144714,40.537532
"1741",-74.145023,40.537683
"1742",-74.145203,40.537585
"1743",-74.145299,40.537487
"1744",-74.145412,40.537298
"1745",-74.145787,40.537045
"1746",-74.146302,40.536709
"1747",-74.146447,40.536597
"1748",-74.146769,40.536332
"1749",-74.146951,40.536189
"1750",-74.246069,40.515709
"1751",-74.24418,40.544165
"1752",-74.243805,40.543594
"1753",-74.243708,40.542673
"1754",-74.243682,40.545087
"1755",-74.24228,40.500191
"1756",-74.24222,40.500096
"1757",-74.242217,40.499954
"1758",-74.242174,40.543154
"1759",-74.242158,40.499843
"1760",-74.242004,40.499638
"1761",-74.241768,40.500305
"1762",-74.241618,40.499982
"1763",-74.241583,40.499829
"1764",-74.241504,40.499679
"1765",-74.241429,40.499404
"1766",-74.241337,40.500369
"1767",-74.24641,40.515733
"1768",-74.249338,40.515611
"1769",-74.242439,40.502194
"1770",-74.242786,40.545434
"1771",-74.242078,40.545655
"1772",-74.246926,40.515345
"1773",-74.248848,40.514945
"1774",-74.241308,40.500227
"1775",-74.241265,40.498936
"1776",-74.24126,40.500014
"1777",-74.241233,40.498787
"1778",-74.241187,40.498663
"1779",-74.241183,40.499834
"1780",-74.241089,40.499736
"1781",-74.241001,40.499494
"1782",-74.240981,40.499313
"1783",-74.240956,40.499189
"1784",-74.240914,40.499028
"1785",-74.24091,40.500621
"1786",-74.240876,40.500442
"1787",-74.240798,40.500286
"1788",-74.240745,40.500149
"1789",-74.240641,40.499817
"1790",-74.240562,40.499546
"1791",-74.24051,40.499455
"1792",-74.240491,40.499384
"1793",-74.240451,40.499316
"1794",-74.240417,40.499167
"1795",-74.240393,40.500345
"1796",-74.240321,40.498904
"1797",-74.240297,40.500109
"1798",-74.24025,40.499955
"1799",-74.239878,40.500502
"1800",-74.239827,40.50037
"1801",-74.239787,40.500209
"1802",-74.239694,40.500058
"1803",-74.239617,40.499727
"1804",-74.239601,40.499607
"1805",-74.23955,40.499489
"1806",-74.239499,40.499354
"1807",-74.239481,40.500563
"1808",-74.239461,40.499266
"1809",-74.23946,40.500145
"1810",-74.239429,40.499036
"1811",-74.239422,40.500453
"1812",-74.239393,40.500355
"1813",-74.239379,40.498972
"1814",-74.239283,40.500181
"1815",-74.239244,40.49916
"1816",-74.23919,40.499816
"1817",-74.239178,40.499722
"1818",-74.239141,40.499639
"1819",-74.239067,40.499418
"1820",-74.239042,40.499324
"1821",-74.238985,40.500684
"1822",-74.238962,40.499241
"1823",-74.238899,40.500437
"1824",-74.238883,40.500218
"1825",-74.238746,40.499891
"1826",-74.238718,40.500278
"1827",-74.238655,40.49972
"1828",-74.238543,40.499451
"1829",-74.238462,40.500486
"1830",-74.238422,40.499944
"1831",-74.23839,40.500318
"1832",-74.238253,40.49997
"1833",-74.238206,40.49973
"1834",-74.238068,40.500839
"1835",-74.238014,40.500714
"1836",-74.237765,40.500249
"1837",-74.23766,40.500004
"1838",-74.237617,40.500889
"1839",-74.23725,40.547758
"1840",-74.236939,40.500553
"1841",-74.236434,40.54797
"1842",-74.240345,40.499014
"1843",-74.241313,40.499034
"1844",-74.239881,40.498806
"1845",-74.239841,40.498951
"1846",-74.239929,40.499057
"1847",-74.241151,40.498546
"1848",-74.239875,40.498996
"1849",-74.240709,40.498479
"1850",-74.239926,40.499212
"1851",-74.240765,40.498631
"1852",-74.240012,40.499332
"1853",-74.240793,40.49882
"1854",-74.240195,40.498697
"1855",-74.240264,40.498802
"1856",-74.240063,40.499465
"1857",-74.240101,40.499532
"1858",-74.240103,40.499681
"1859",-74.23274,40.501846
"1860",-74.23241,40.501943
"1861",-74.232535,40.552165
"1862",-74.115379,40.552333
"1863",-74.115322,40.552625
"1864",-74.115296,40.552286
"1865",-74.115248,40.55666
"1866",-74.115221,40.552188
"1867",-74.115146,40.552107
"1868",-74.114977,40.55197
"1869",-74.114976,40.552374
"1870",-74.114907,40.551915
"1871",-74.114904,40.55044
"1872",-74.114838,40.551846
"1873",-74.114741,40.551734
"1874",-74.114682,40.551714
"1875",-74.114662,40.550585
"1876",-74.114582,40.552703
"1877",-74.114465,40.556912
"1878",-74.114428,40.551413
"1879",-74.114341,40.556774
"1880",-74.114308,40.551293
"1881",-74.11411,40.551878
"1882",-74.114107,40.556974
"1883",-74.114079,40.556542
"1884",-74.114056,40.551819
"1885",-74.114053,40.556901
"1886",-74.11401,40.552174
"1887",-74.113994,40.556863
"1888",-74.113993,40.551463
"1889",-74.113981,40.551778
"1890",-74.113956,40.556818
"1891",-74.113934,40.551718
"1892",-74.113924,40.55637
"1893",-74.1139,40.552067
"1894",-74.113889,40.556757
"1895",-74.113853,40.556607
"1896",-74.113833,40.551649
"1897",-74.113833,40.551649
"1898",-74.113829,40.556693
"1899",-74.113774,40.551585
"1900",-74.113732,40.556582
"1901",-74.113725,40.552179
"1902",-74.113671,40.551157
"1903",-74.113667,40.551474
"1904",-74.113666,40.556541
"1905",-74.113616,40.55181
"1906",-74.113581,40.551353
"1907",-74.113544,40.55176
"1908",-74.1135,40.556363
"1909",-74.113486,40.551254
"1910",-74.113462,40.551904
"1911",-74.113423,40.551605
"1912",-74.113423,40.551605
"1913",-74.113333,40.551836
"1914",-74.113225,40.551462
"1915",-74.113174,40.551627
"1916",-74.113122,40.556512
"1917",-74.113058,40.556652
"1918",-74.112733,40.55613
"1919",-74.112489,40.555887
"1920",-74.112396,40.555301
"1921",-74.112355,40.555747
"1922",-74.112339,40.555242
"1923",-74.112087,40.555557
"1924",-74.112005,40.555476
"1925",-74.114071,40.551549
"1926",-74.114033,40.551507
"1927",-74.114217,40.551283
"1928",-74.114217,40.551283
"1929",-74.114217,40.551283
"1930",-74.114182,40.551235
"1931",-74.113998,40.550982
"1932",-74.11412,40.550831
"1933",-74.114228,40.552666
"1934",-74.112467,40.550753
"1935",-74.112579,40.550863
"1936",-74.112764,40.551004
"1937",-74.11282,40.551057
"1938",-74.110666,40.55413
"1939",-74.110757,40.554263
"1940",-74.112903,40.550713
"1941",-74.111162,40.554059
"1942",-74.112943,40.550816
"1943",-74.112943,40.550816
"1944",-74.111031,40.554546
"1945",-74.113201,40.550796
"1946",-74.111363,40.554259
"1947",-74.111202,40.554658
"1948",-74.112582,40.551206
"1949",-74.111307,40.554774
"1950",-74.113554,40.55056
"1951",-74.111368,40.554856
"1952",-74.111462,40.554896
"1953",-74.113026,40.551517
"1954",-74.118793,40.559911
"1955",-74.118751,40.554132
"1956",-74.11874,40.556958
"1957",-74.118651,40.556884
"1958",-74.118635,40.556411
"1959",-74.118574,40.556843
"1960",-74.118523,40.557098
"1961",-74.118431,40.556703
"1962",-74.118431,40.556703
"1963",-74.118431,40.556703
"1964",-74.118431,40.556703
"1965",-74.118394,40.557202
"1966",-74.118316,40.556204
"1967",-74.1183,40.556782
"1968",-74.118279,40.557316
"1969",-74.118218,40.555747
"1970",-74.11819,40.556134
"1971",-74.118161,40.556896
"1972",-74.118146,40.555781
"1973",-74.118094,40.5541
"1974",-74.118061,40.556055
"1975",-74.118051,40.556986
"1976",-74.117949,40.555373
"1977",-74.117919,40.557106
"1978",-74.117697,40.557229
"1979",-74.11768,40.556224
"1980",-74.117651,40.556279
"1981",-74.117546,40.556348
"1982",-74.117427,40.554878
"1983",-74.117423,40.556454
"1984",-74.11741,40.556464
"1985",-74.11738,40.550536
"1986",-74.117304,40.555039
"1987",-74.117248,40.555135
"1988",-74.116951,40.554533
"1989",-74.116752,40.551103
"1990",-74.116739,40.554329
"1991",-74.116701,40.554953
"1992",-74.116632,40.554221
"1993",-74.116267,40.556939
"1994",-74.116215,40.557033
"1995",-74.116181,40.55009
"1996",-74.116079,40.557108
"1997",-74.116031,40.556745
"1998",-74.116009,40.550359
"1999",-74.147813,40.732644
"2000",-74.142584,40.731312
"2001",-74.142222,40.73219
"2002",-74.140671,40.72958
"2003",-74.140229,40.737671
"2004",-74.140049,40.737803
"2005",-74.13995,40.729972
"2006",-74.140422,40.737596
"2007",-73.974839,40.727539
"2008",-73.972954,40.727592
"2009",-73.97334,40.727714
"2010",-73.973984,40.727966
"2011",-73.976145,40.728309
"2012",-73.975134,40.728533
"2013",-73.975871,40.728927
"2014",-73.974547,40.731774
"2015",-73.975089,40.732575
"2016",-73.974971,40.73327
"2017",-73.975547,40.73522
"2018",-73.973663,40.744488
"2019",-73.972371,40.744496
"2020",-73.955325,40.762068
"2021",-73.955014,40.762332
"2022",-73.954687,40.762739
"2023",-73.954504,40.762958
"2024",-73.954188,40.763287
"2025",-73.96177,40.764786
"2026",-73.952413,40.767331
"2027",-73.947228,40.771151
"2028",-73.947856,40.77135
"2029",-73.946992,40.771415
"2030",-73.949958,40.771618
"2031",-73.949417,40.771631
"2032",-73.946616,40.771708
"2033",-73.947751,40.771742
"2034",-73.948344,40.772
"2035",-73.956978,40.776996
"2036",-73.956294,40.777046
"2037",-73.94353,40.777292
"2038",-73.94353,40.777292
"2039",-73.954779,40.785168
"2040",-73.94842,40.80612
"2041",-73.945978,40.807754
"2042",-73.948413,40.807841
"2043",-73.940689,40.80968
"2044",-73.944341,40.810435
"2045",-73.943618,40.81388
"2046",-73.95554,40.76191
"2047",-73.956339,40.76113
"2048",-73.948349,40.77159
"2049",-73.971167,40.745606
"2050",-73.945765,40.773133
"2051",-73.936801,40.793613
"2052",-73.935204,40.811947
"2053",-73.932189,40.809741
"2054",-73.932004,40.86832
"2055",-73.929514,40.866458
"2056",-73.923234,40.862967
"2057",-73.922131,40.858009
"2058",-73.995169,40.710174
"2059",-73.975085,40.721254
"2060",-73.99101,40.721477
"2061",-73.976234,40.722478
"2062",-73.975998,40.722929
"2063",-73.976883,40.722929
"2064",-73.975665,40.723328
"2065",-73.976497,40.723437
"2066",-73.977092,40.723486
"2067",-73.976352,40.723629
"2068",-73.97677,40.723742
"2069",-73.975381,40.723799
"2070",-73.976078,40.72395
"2071",-73.974673,40.724043
"2072",-73.976486,40.724072
"2073",-73.975966,40.724185
"2074",-73.978494,40.724186
"2075",-73.977747,40.72419
"2076",-73.97897,40.724324
"2077",-73.976314,40.724328
"2078",-73.975145,40.724368
"2079",-73.978353,40.724409
"2080",-73.975692,40.72458
"2081",-73.978862,40.724669
"2082",-73.977945,40.724787
"2083",-73.973966,40.724885
"2084",-73.978578,40.724913
"2085",-73.974685,40.724942
"2086",-73.977056,40.725089
"2087",-73.976503,40.725312
"2088",-73.976831,40.725386
"2089",-73.979137,40.725447
"2090",-73.974159,40.725455
"2091",-73.977083,40.725487
"2092",-73.973001,40.72556
"2093",-73.976241,40.725634
"2094",-73.978032,40.725634
"2095",-73.973827,40.725999
"2096",-73.977077,40.726016
"2097",-73.979513,40.725629
"2098",-73.976402,40.726365
"2099",-73.975055,40.726125
"2100",-73.97454,40.72641
"2101",-73.973628,40.726211
"2102",-73.975225,40.722032
"2103",-73.974898,40.722446
"2104",-73.97478,40.722898
"2105",-73.974383,40.72341
"2106",-73.974012,40.723918
"2107",-73.973476,40.724626
"2108",-73.973304,40.72513
"2109",-73.972746,40.726044
"2110",-73.974983,40.726853
"2111",-73.975278,40.726914
"2112",-73.976115,40.726715
"2113",-74.017094,40.714457
"2114",-74.017038,40.710628
"2115",-74.016936,40.7116
"2116",-74.016794,40.709958
"2117",-74.016625,40.710994
"2118",-74.016398,40.715436
"2119",-74.016362,40.711458
"2120",-74.016236,40.713928
"2121",-74.016146,40.71644
"2122",-74.015851,40.717286
"2123",-74.015784,40.712133
"2124",-74.015717,40.714805
"2125",-74.015562,40.716253
"2126",-74.015536,40.711189
"2127",-74.015461,40.710685
"2128",-74.01524,40.717859
"2129",-74.015172,40.713402
"2130",-74.015139,40.711531
"2131",-74.015057,40.71692
"2132",-74.014848,40.715911
"2133",-74.014553,40.717554
"2134",-74.014489,40.714785
"2135",-74.01436,40.716574
"2136",-74.014317,40.718005
"2137",-74.014082,40.710002
"2138",-74.013984,40.717123
"2139",-74.013868,40.710368
"2140",-74.013511,40.712569
"2141",-74.013018,40.713658
"2142",-74.013992,40.711763
"2143",-74.013981,40.711377
"2144",-74.009068,40.715218
"2145",-74.008927,40.711938
"2146",-74.008907,40.714026
"2147",-74.008893,40.710353
"2148",-74.008762,40.715579
"2149",-74.008711,40.714197
"2150",-74.008663,40.715053
"2151",-74.008651,40.709861
"2152",-74.008606,40.713349
"2153",-74.008545,40.714626
"2154",-74.008539,40.715699
"2155",-74.008469,40.711751
"2156",-74.008458,40.710767
"2157",-74.008377,40.717017
"2158",-74.008363,40.718221
"2159",-74.008346,40.715594
"2160",-74.008319,40.715321
"2161",-74.008296,40.718495
"2162",-74.008219,40.713906
"2163",-74.008201,40.712178
"2164",-74.008158,40.713114
"2165",-74.008092,40.718113
"2166",-74.008082,40.717737
"2167",-74.008013,40.710027
"2168",-74.008008,40.715189
"2169",-74.007996,40.71841
"2170",-74.007927,40.715427
"2171",-74.007883,40.716838
"2172",-74.007813,40.715984
"2173",-74.007801,40.71352
"2174",-74.007761,40.712853
"2175",-74.007758,40.714312
"2176",-74.007755,40.710979
"2177",-74.007686,40.710405
"2178",-74.007671,40.718208
"2179",-74.007579,40.714538
"2180",-74.007482,40.71419
"2181",-74.007422,40.716615
"2182",-74.007421,40.715029
"2183",-74.007321,40.713317
"2184",-74.007165,40.710153
"2185",-74.007107,40.715423
"2186",-74.008841,40.716539
"2187",-74.008923,40.711688
"2188",-74.006468,40.709795
"2189",-74.006162,40.710149
"2190",-74.00687,40.710527
"2191",-74.006066,40.710897
"2192",-74.006983,40.71108
"2193",-74.006355,40.710735
"2194",-74.006323,40.711365
"2195",-74.006033,40.711487
"2196",-74.006945,40.711381
"2197",-74.005915,40.712658
"2198",-74.006894,40.713882
"2199",-74.006332,40.714413
"2200",-74.006209,40.714575
"2201",-74.005839,40.714901
"2202",-74.00579,40.715132
"2203",-74.006169,40.715423
"2204",-74.006431,40.715108
"2205",-74.006777,40.715637
"2206",-74.006908,40.714217
"2207",-74.005963,40.718277
"2208",-74.005952,40.717773
"2209",-74.006488,40.718237
"2210",-74.006209,40.717944
"2211",-74.006735,40.717639
"2212",-74.00695,40.717163
"2213",-74.006424,40.716118
"2214",-74.003419,40.706251
"2215",-73.996695,40.709426
"2216",-73.995383,40.709559
"2217",-73.982145,40.729125
"2218",-73.981236,40.705284
"2219",-73.977147,40.776789
"2220",-73.976337,40.723618
"2221",-73.976197,40.728283
"2222",-73.976146,40.723896
"2223",-73.975977,40.728893
"2224",-73.975728,40.72336
"2225",-73.975669,40.743195
"2226",-73.97547,40.73514
"2227",-73.975454,40.743913
"2228",-73.975398,40.723862
"2229",-73.975143,40.732539
"2230",-73.975057,40.743746
"2231",-73.974968,40.733152
"2232",-73.97485,40.743632
"2233",-73.974701,40.743556
"2234",-73.974636,40.716569
"2235",-73.974583,40.743509
"2236",-73.97447,40.743466
"2237",-73.974234,40.72796
"2238",-73.974186,40.743356
"2239",-73.974096,40.736694
"2240",-73.973899,40.743676
"2241",-73.97366,40.743108
"2242",-73.973644,40.744074
"2243",-73.973516,40.743341
"2244",-73.973351,40.740583
"2245",-73.973254,40.74077
"2246",-73.973178,40.742168
"2247",-73.973131,40.741063
"2248",-73.973103,40.741644
"2249",-73.973028,40.742672
"2250",-73.973017,40.74319
"2251",-73.972941,40.737789
"2252",-73.972905,40.738499
"2253",-73.97288,40.7368
"2254",-73.972292,40.743787
"2255",-73.971736,40.745037
"2256",-73.962524,40.755064
"2257",-73.956857,40.761184
"2258",-73.954092,40.765685
"2259",-73.953734,40.773931
"2260",-73.95344,40.765459
"2261",-73.953072,40.767221
"2262",-73.952997,40.765819
"2263",-73.952895,40.766713
"2264",-73.952807,40.765183
"2265",-73.952354,40.767733
"2266",-73.952303,40.764931
"2267",-73.952024,40.765658
"2268",-73.951783,40.769
"2269",-73.951723,40.766227
"2270",-73.951581,40.76861
"2271",-73.951391,40.766469
"2272",-73.951196,40.76176
"2273",-73.9509,40.768791
"2274",-73.950802,40.762242
"2275",-73.950723,40.770365
"2276",-73.950691,40.769374
"2277",-73.950561,40.76253
"2278",-73.950425,40.767539
"2279",-73.950242,40.761796
"2280",-73.950058,40.770048
"2281",-73.950017,40.768035
"2282",-73.949932,40.768003
"2283",-73.949882,40.763395
"2284",-73.949725,40.762367
"2285",-73.949532,40.771275
"2286",-73.949505,40.760719
"2287",-73.949255,40.763862
"2288",-73.9491,40.771476
"2289",-73.949095,40.769055
"2290",-73.948931,40.761402
"2291",-73.948894,40.771836
"2292",-73.948845,40.77098
"2293",-73.948684,40.772144
"2294",-73.94866,40.771318
"2295",-73.948501,40.76195
"2296",-73.948475,40.764143
"2297",-73.948424,40.769843
"2298",-73.948416,40.762462
"2299",-73.948333,40.770781
"2300",-73.948137,40.764403
"2301",-73.948116,40.764765
"2302",-73.948084,40.771037
"2303",-73.947676,40.765297
"2304",-73.947574,40.770684
"2305",-73.947402,40.764675
"2306",-73.947,40.766101
"2307",-73.946624,40.76663
"2308",-73.946227,40.766166
"2309",-73.946145,40.765376
"2310",-73.94523,40.766036
"2311",-73.943826,40.768708
"2312",-73.965214,40.769613
"2313",-73.953783,40.765053
"2314",-73.959721,40.757618
"2315",-73.954119,40.764686
"2316",-73.960851,40.756297
"2317",-73.955148,40.764421
"2318",-73.954923,40.76473
"2319",-73.953469,40.766238
"2320",-73.95591,40.761316
"2321",-73.957177,40.76051
"2322",-73.958032,40.759973
"2323",-73.936887,40.821925
"2324",-73.961502,40.755556
"2325",-73.96325,40.754613
"2326",-73.952488,40.765835
"2327",-73.963395,40.754003
"2328",-73.963749,40.753833
"2329",-73.964259,40.753396
"2330",-73.964903,40.752762
"2331",-73.96545,40.752156
"2332",-73.953059,40.764053
"2333",-74.012739,40.715525
"2334",-74.012589,40.715968
"2335",-74.012548,40.716589
"2336",-74.012457,40.711842
"2337",-74.012355,40.717402
"2338",-74.012213,40.713008
"2339",-74.012149,40.715773
"2340",-74.012009,40.71021
"2341",-74.011988,40.714341
"2342",-74.011859,40.715163
"2343",-74.011698,40.716041
"2344",-74.011497,40.710782
"2345",-74.011366,40.711516
"2346",-74.011218,40.71214
"2347",-74.011205,40.717968
"2348",-74.011022,40.71511
"2349",-74.011003,40.713636
"2350",-74.01081,40.714222
"2351",-74.010755,40.715987
"2352",-74.01068,40.71564
"2353",-74.010664,40.71639
"2354",-74.010553,40.712595
"2355",-74.010506,40.71699
"2356",-74.010467,40.714742
"2357",-74.010448,40.710125
"2358",-74.010306,40.71578
"2359",-74.010303,40.715503
"2360",-74.010136,40.716158
"2361",-74.010125,40.718271
"2362",-74.010124,40.713189
"2363",-74.010123,40.718499
"2364",-74.010043,40.715373
"2365",-74.010042,40.715677
"2366",-74.010025,40.717724
"2367",-74.009849,40.715584
"2368",-74.009828,40.718245
"2369",-74.009725,40.715916
"2370",-74.009665,40.715317
"2371",-74.009616,40.718469
"2372",-74.009602,40.715534
"2373",-74.009547,40.71054
"2374",-74.009504,40.715849
"2375",-74.009415,40.716074
"2376",-74.00935,40.71496
"2377",-74.009333,40.709889
"2378",-74.009163,40.718151
"2379",-74.00916,40.718397
"2380",-74.00936,40.716697
"2381",-74.010003,40.717045
"2382",-74.010199,40.716805
"2383",-74.009722,40.716611
"2384",-74.009497,40.711915
"2385",-74.009754,40.712017
"2386",-74.009286,40.717542
"2387",-74.021414,40.689702
"2388",-74.012151,40.712604
"2389",-74.010508,40.724539
"2390",-74.009641,40.713645
"2391",-74.004953,40.746946
"2392",-74.004808,40.747194
"2393",-74.004697,40.747363
"2394",-74.004528,40.747488
"2395",-74.004303,40.747023
"2396",-74.004121,40.747295
"2397",-74.003805,40.706702
"2398",-74.00372,40.706606
"2399",-74.003703,40.706537
"2400",-74.003663,40.706492
"2401",-74.003623,40.706446
"2402",-74.003577,40.706397
"2403",-74.003534,40.706352
"2404",-74.002944,40.706723
"2405",-74.002798,40.749912
"2406",-74.002734,40.750042
"2407",-74.002715,40.750162
"2408",-74.002563,40.707194
"2409",-74.002485,40.750371
"2410",-74.002396,40.706961
"2411",-74.002352,40.750457
"2412",-74.002301,40.706985
"2413",-74.002284,40.707209
"2414",-74.002243,40.750595
"2415",-74.00222,40.707019
"2416",-74.002153,40.707057
"2417",-74.002107,40.750777
"2418",-74.002059,40.707108
"2419",-74.002035,40.7074
"2420",-74.001919,40.707467
"2421",-74.001877,40.70721
"2422",-74.001762,40.707273
"2423",-74.001718,40.70753
"2424",-74.001615,40.707318
"2425",-73.997543,40.709785
"2426",-73.996894,40.709917
"2427",-73.996282,40.709999
"2428",-74.070702,40.619334
"2429",-74.06841,40.617911
"2430",-74.068955,40.617519
"2431",-74.069107,40.617711
"2432",-74.064611,40.593091
"2433",-74.065125,40.593129
"2434",-74.064341,40.593166
"2435",-74.065184,40.593172
"2436",-74.064695,40.593208
"2437",-74.064375,40.593212
"2438",-74.065244,40.593217
"2439",-74.064406,40.593244
"2440",-74.064745,40.593253
"2441",-74.064429,40.593277
"2442",-74.065264,40.59328
"2443",-74.064793,40.5933
"2444",-74.064447,40.593311
"2445",-74.064477,40.593343
"2446",-74.06528,40.593348
"2447",-74.06487,40.593391
"2448",-74.064521,40.593391
"2449",-74.064545,40.593425
"2450",-74.064928,40.593501
"2451",-74.064792,40.593568
"2452",-74.064741,40.593582
"2453",-74.064689,40.593611
"2454",-74.06464,40.593626
"2455",-74.064599,40.593653
"2456",-74.064552,40.59368
"2457",-74.064414,40.59372
"2458",-74.064356,40.593765
"2459",-74.064307,40.593789
"2460",-74.064265,40.593799
"2461",-74.064226,40.593829
"2462",-74.064172,40.593842
"2463",-74.064127,40.59387
"2464",-74.064748,40.593967
"2465",-74.06471,40.593986
"2466",-74.064673,40.594019
"2467",-74.064629,40.594029
"2468",-74.0646,40.594065
"2469",-74.064995,40.59359
"2470",-74.065062,40.593707
"2471",-74.065381,40.593479
"2472",-74.06539,40.593601
"2473",-74.065492,40.617477
"2474",-74.065174,40.593872
"2475",-74.06535,40.593986
"2476",-74.065263,40.617083
"2477",-74.065016,40.616973
"2478",-74.065481,40.594145
"2479",-74.0646,40.616726
"2480",-74.065296,40.594268
"2481",-74.065157,40.594223
"2482",-74.065108,40.594237
"2483",-74.065064,40.59426
"2484",-74.065027,40.594285
"2485",-74.06501,40.594426
"2486",-74.064937,40.594479
"2487",-74.064752,40.594422
"2488",-74.06477,40.594294
"2489",-74.064797,40.594132
"2490",-74.064577,40.594686
"2491",-74.064504,40.594506
"2492",-74.064467,40.594412
"2493",-74.064418,40.594325
"2494",-74.064415,40.594235
"2495",-74.064382,40.594158
"2496",-74.064316,40.594051
"2497",-74.06484,40.59385
"2498",-74.064805,40.593884
"2499",-74.064776,40.593919
"2500",-74.064339,40.614729
"2501",-74.062627,40.614251
"2502",-74.06055,40.611919
"2503",-74.062414,40.614371
"2504",-74.062277,40.61404
"2505",-74.060347,40.611765
"2506",-74.060492,40.611694
"2507",-74.060763,40.611613
"2508",-74.06109,40.61148
"2509",-74.062311,40.61405
"2510",-74.062211,40.614094
"2511",-74.063776,40.615922
"2512",-74.063695,40.615833
"2513",-74.063586,40.615719
"2514",-74.063509,40.615615
"2515",-74.063007,40.615125
"2516",-74.25426,40.502281
"2517",-74.251332,40.504635
"2518",-74.249338,40.515611
"2519",-74.248848,40.514945
"2520",-74.246926,40.515345
"2521",-74.24641,40.515733
"2522",-74.246069,40.515709
"2523",-74.24418,40.544165
"2524",-74.243805,40.543594
"2525",-74.243708,40.542673
"2526",-74.243682,40.545087
"2527",-74.242786,40.545434
"2528",-74.242439,40.502194
"2529",-74.24228,40.500191
"2530",-74.24222,40.500096
"2531",-74.242217,40.499954
"2532",-74.242174,40.543154
"2533",-74.242158,40.499843
"2534",-74.242078,40.545655
"2535",-74.242004,40.499638
"2536",-74.241768,40.500305
"2537",-74.241618,40.499982
"2538",-74.241337,40.500369
"2539",-74.241313,40.499034
"2540",-74.241308,40.500227
"2541",-74.241265,40.498936
"2542",-74.241233,40.498787
"2543",-74.241187,40.498663
"2544",-74.241151,40.498546
"2545",-74.240981,40.499313
"2546",-74.240956,40.499189
"2547",-74.240914,40.499028
"2548",-74.24091,40.500621
"2549",-74.240876,40.500442
"2550",-74.240798,40.500286
"2551",-74.240793,40.49882
"2552",-74.240765,40.498631
"2553",-74.240745,40.500149
"2554",-74.240709,40.498479
"2555",-74.240491,40.499384
"2556",-74.240451,40.499316
"2557",-74.240417,40.499167
"2558",-74.240393,40.500345
"2559",-74.240345,40.499014
"2560",-74.240321,40.498904
"2561",-74.240297,40.500109
"2562",-74.240264,40.498802
"2563",-74.240195,40.498697
"2564",-74.240103,40.499681
"2565",-74.240101,40.499532
"2566",-74.240063,40.499465
"2567",-74.240012,40.499332
"2568",-74.239929,40.499057
"2569",-74.239926,40.499212
"2570",-74.239881,40.498806
"2571",-74.239878,40.500502
"2572",-74.239875,40.498996
"2573",-74.239841,40.498951
"2574",-74.239827,40.50037
"2575",-74.239787,40.500209
"2576",-74.239694,40.500058
"2577",-74.239481,40.500563
"2578",-74.23946,40.500145
"2579",-74.239429,40.499036
"2580",-74.239422,40.500453
"2581",-74.239393,40.500355
"2582",-74.239379,40.498972
"2583",-74.239283,40.500181
"2584",-74.239244,40.49916
"2585",-74.239042,40.499324
"2586",-74.238985,40.500684
"2587",-74.24051,40.499455
"2588",-74.240562,40.499546
"2589",-74.241001,40.499494
"2590",-74.239461,40.499266
"2591",-74.239499,40.499354
"2592",-74.239067,40.499418
"2593",-74.239141,40.499639
"2594",-74.239178,40.499722
"2595",-74.239601,40.499607
"2596",-74.23919,40.499816
"2597",-74.239617,40.499727
"2598",-74.23955,40.499489
"2599",-74.238962,40.499241
"2600",-74.241429,40.499404
"2601",-74.241089,40.499736
"2602",-74.241504,40.499679
"2603",-74.241183,40.499834
"2604",-74.24126,40.500014
"2605",-74.241583,40.499829
"2606",-74.240641,40.499817
"2607",-74.24025,40.499955
"2608",-74.238899,40.500437
"2609",-74.238883,40.500218
"2610",-74.238718,40.500278
"2611",-74.238713,40.501144
"2612",-74.238462,40.500486
"2613",-74.23839,40.500318
"2614",-74.238235,40.501185
"2615",-74.238068,40.500839
"2616",-74.238014,40.500714
"2617",-74.23766,40.500004
"2618",-74.237617,40.500889
"2619",-74.23725,40.547758
"2620",-74.237059,40.501233
"2621",-74.23698,40.500877
"2622",-74.236939,40.500553
"2623",-74.236434,40.54797
"2624",-74.23274,40.501846
"2625",-74.232535,40.552165
"2626",-74.23241,40.501943
"2627",-74.232024,40.502117
"2628",-74.231233,40.502471
"2629",-74.230614,40.502543
"2630",-74.230377,40.502655
"2631",-74.230307,40.50314
"2632",-74.230109,40.502797
"2633",-74.229434,40.502514
"2634",-74.229017,40.508958
"2635",-74.22864,40.502743
"2636",-74.219884,40.536224
"2637",-74.204941,40.512927
"2638",-74.20448,40.513
"2639",-74.199719,40.552213
"2640",-74.198633,40.555006
"2641",-74.198609,40.51297
"2642",-74.198402,40.577602
"2643",-74.197957,40.576892
"2644",-74.1977,40.577536
"2645",-74.229747,40.509111
"2646",-74.219139,40.536197
"2647",-74.2193,40.535867
"2648",-74.220413,40.535484
"2649",-74.238655,40.49972
"2650",-74.238746,40.499891
"2651",-74.238422,40.499944
"2652",-74.219597,40.535345
"2653",-74.238253,40.49997
"2654",-74.205666,40.512772
"2655",-74.238543,40.499451
"2656",-74.20588,40.512756
"2657",-74.237765,40.500249
"2658",-74.238206,40.49973
"2659",-74.206116,40.512695
"2660",-74.206572,40.512601
"2661",-74.235103,40.501211
"2662",-74.234325,40.501466
"2663",-74.234135,40.501593
"2664",-74.233094,40.501768
"2665",-74.202632,40.541947
"2666",-74.17928,40.637594
"2667",-74.179173,40.638758
"2668",-74.178588,40.638408
"2669",-74.169917,40.641039
"2670",-74.169366,40.641438
"2671",-74.169362,40.641159
"2672",-74.166306,40.640871
"2673",-74.165492,40.640568
"2674",-74.165357,40.641303
"2675",-74.160932,40.551989
"2676",-74.160309,40.555365
"2677",-74.159945,40.623346
"2678",-74.159736,40.622939
"2679",-74.159289,40.55363
"2680",-74.159263,40.529888
"2681",-74.159204,40.529901
"2682",-74.159113,40.529941
"2683",-74.159057,40.529964
"2684",-74.159009,40.530074
"2685",-74.158952,40.530088
"2686",-74.158823,40.530137
"2687",-74.158819,40.529643
"2688",-74.158819,40.529643
"2689",-74.158819,40.529643
"2690",-74.158781,40.529677
"2691",-74.158767,40.530141
"2692",-74.158674,40.52971
"2693",-74.158634,40.529735
"2694",-74.158622,40.530147
"2695",-74.158445,40.530082
"2696",-74.158402,40.530062
"2697",-74.158302,40.529974
"2698",-74.15827,40.529935
"2699",-74.158188,40.529878
"2700",-74.158161,40.529843
"2701",-74.158094,40.529788
"2702",-74.158063,40.529748
"2703",-74.158,40.530474
"2704",-74.157977,40.529679
"2705",-74.157952,40.52964
"2706",-74.157952,40.52964
"2707",-74.157786,40.530287
"2708",-74.157693,40.62866
"2709",-74.157662,40.530178
"2710",-74.157614,40.530554
"2711",-74.157418,40.530036
"2712",-74.157305,40.530195
"2713",-74.157077,40.530256
"2714",-74.156868,40.530446
"2715",-74.156844,40.628591
"2716",-74.156539,40.529623
"2717",-74.156343,40.530632
"2718",-74.156225,40.529803
"2719",-74.15597,40.530007
"2720",-74.155651,40.530221
"2721",-74.155533,40.530473
"2722",-74.155246,40.633532
"2723",-74.155238,40.530553
"2724",-74.154868,40.530606
"2725",-74.15393,40.55315
"2726",-74.162641,40.639359
"2727",-74.159357,40.529848
"2728",-74.159406,40.529825
"2729",-74.162979,40.63891
"2730",-74.159499,40.529784
"2731",-74.155683,40.631183
"2732",-74.159553,40.52976
"2733",-74.159652,40.529727
"2734",-74.159698,40.529701
"2735",-74.159816,40.529638
"2736",-74.166591,40.640998
"2737",-74.164375,40.640254
"2738",-74.165,40.640369
"2739",-74.164619,40.639952
"2740",-74.19484,40.511785
"2741",-74.194668,40.511797
"2742",-74.195033,40.511805
"2743",-74.194909,40.51183
"2744",-74.19462,40.51185
"2745",-74.175033,40.522141
"2746",-74.176046,40.522189
"2747",-74.174717,40.522267
"2748",-74.175683,40.522323
"2749",-74.17443,40.522445
"2750",-74.175016,40.522531
"2751",-74.174139,40.52259
"2752",-74.175415,40.522762
"2753",-74.17505,40.522776
"2754",-74.174002,40.522786
"2755",-74.173625,40.523028
"2756",-74.173496,40.523049
"2757",-74.17347,40.523149
"2758",-74.173381,40.523183
"2759",-74.173305,40.523223
"2760",-74.173831,40.523844
"2761",-74.174005,40.524119
"2762",-74.175331,40.52197
"2763",-74.193939,40.512844
"2764",-74.193938,40.512958
"2765",-74.194523,40.513113
"2766",-74.19441,40.513099
"2767",-74.194625,40.513113
"2768",-74.194316,40.513243
"2769",-74.177877,40.520024
"2770",-74.194077,40.513223
"2771",-74.177407,40.520325
"2772",-74.178003,40.520241
"2773",-74.175354,40.522417
"2774",-74.177896,40.520808
"2775",-74.178271,40.52084
"2776",-74.177163,40.52061
"2777",-74.177547,40.520857
"2778",-74.194598,40.514426
"2779",-74.194638,40.514302
"2780",-74.176737,40.520875
"2781",-74.194045,40.514455
"2782",-74.176261,40.521557
"2783",-74.173186,40.523258
"2784",-74.174325,40.524046
"2785",-74.176223,40.521562
"2786",-74.175967,40.521704
"2787",-74.175623,40.521842
"2788",-74.174115,40.522935
"2789",-74.175927,40.521682
"2790",-74.174083,40.524214
"2791",-74.179859,40.520958
"2792",-74.175646,40.521765
"2793",-74.173117,40.523299
"2794",-74.182673,40.520617
"2795",-74.174405,40.523284
"2796",-74.174692,40.523167
"2797",-74.173042,40.523335
"2798",-74.17295,40.52336
"2799",-74.174673,40.522741
"2800",-74.174345,40.524553
"2801",-74.173927,40.524726
"2802",-74.173723,40.524816
"2803",-74.17263,40.52349
"2804",-74.172512,40.523545
"2805",-74.172445,40.523627
"2806",-74.172719,40.523447
"2807",-74.172801,40.52341
"2808",-74.168601,40.524352
"2809",-74.16485,40.526315
"2810",-74.164544,40.52644
"2811",-74.165617,40.526459
"2812",-74.164201,40.526535
"2813",-74.165287,40.526612
"2814",-74.165719,40.526684
"2815",-74.165418,40.526788
"2816",-74.164817,40.5268
"2817",-74.165901,40.5269
"2818",-74.165536,40.526922
"2819",-74.164949,40.526957
"2820",-74.163523,40.526986
"2821",-74.166089,40.527071
"2822",-74.164616,40.527093
"2823",-74.164616,40.527093
"2824",-74.165697,40.52712
"2825",-74.165118,40.527136
"2826",-74.163919,40.527163
"2827",-74.165791,40.527238
"2828",-74.164683,40.527246
"2829",-74.163578,40.527314
"2830",-74.165324,40.527363
"2831",-74.164058,40.527371
"2832",-74.164799,40.527381
"2833",-74.163109,40.527499
"2834",-74.164833,40.527554
"2835",-74.164833,40.527554
"2836",-74.16423,40.527579
"2837",-74.163774,40.527617
"2838",-74.163176,40.527681
"2839",-74.164369,40.527768
"2840",-74.163347,40.527893
"2841",-74.163994,40.527917
"2842",-74.159707,40.52792
"2843",-74.159659,40.527945
"2844",-74.159562,40.527972
"2845",-74.159504,40.527999
"2846",-74.159409,40.52804
"2847",-74.159362,40.52806
"2848",-74.160162,40.528062
"2849",-74.160034,40.528093
"2850",-74.16349,40.528098
"2851",-74.159978,40.528108
"2852",-74.159294,40.528126
"2853",-74.159239,40.528149
"2854",-74.1599,40.528167
"2855",-74.159841,40.528183
"2856",-74.161587,40.528264
"2857",-74.161222,40.527987
"2858",-74.161469,40.528317
"2859",-74.161399,40.528354
"2860",-74.161316,40.527952
"2861",-74.160844,40.528128
"2862",-74.161388,40.52792
"2863",-74.160967,40.528054
"2864",-74.161501,40.527867
"2865",-74.161319,40.528378
"2866",-74.161064,40.528038
"2867",-74.161705,40.527783
"2868",-74.161144,40.528011
"2869",-74.161234,40.528407
"2870",-74.160935,40.528364
"2871",-74.162071,40.527603
"2872",-74.170288,40.523348
"2873",-74.170081,40.52338
"2874",-74.169996,40.523421
"2875",-74.170033,40.523474
"2876",-74.168271,40.52454
"2877",-74.167307,40.525004
"2878",-74.166514,40.525285
"2879",-74.16592,40.525738
"2880",-74.165861,40.525922
"2881",-74.165499,40.525967
"2882",-74.166384,40.526079
"2883",-74.16663,40.526406
"2884",-74.166502,40.526283
"2885",-74.166067,40.526312
"2886",-74.166196,40.526455
"2887",-74.167414,40.525186
"2888",-74.166169,40.52567
"2889",-74.166877,40.525784
"2890",-74.167204,40.525633
"2891",-74.168,40.524536
"2892",-74.167108,40.525414
"2893",-74.161677,40.528561
"2894",-74.161491,40.528618
"2895",-74.16143,40.528677
"2896",-74.161372,40.529039
"2897",-74.161341,40.528703
"2898",-74.161271,40.528744
"2899",-74.161231,40.528905
"2900",-74.161131,40.528419
"2901",-74.161005,40.528499
"2902",-74.160809,40.529084
"2903",-74.160782,40.529045
"2904",-74.160758,40.528935
"2905",-74.160742,40.529198
"2906",-74.160726,40.529228
"2907",-74.160712,40.528898
"2908",-74.1606,40.528831
"2909",-74.160597,40.52929
"2910",-74.160597,40.52929
"2911",-74.160541,40.529318
"2912",-74.160535,40.528825
"2913",-74.160428,40.529343
"2914",-74.160377,40.529345
"2915",-74.160372,40.528821
"2916",-74.160318,40.528837
"2917",-74.160299,40.529408
"2918",-74.16024,40.529415
"2919",-74.16023,40.528921
"2920",-74.160187,40.528961
"2921",-74.160135,40.529519
"2922",-74.160122,40.529141
"2923",-74.16009,40.529542
"2924",-74.160058,40.529122
"2925",-74.160012,40.529037
"2926",-74.159955,40.529583
"2927",-74.15991,40.528939
"2928",-74.159892,40.529601
"2929",-74.159808,40.528809
"2930",-74.159761,40.528234
"2931",-74.159704,40.529357
"2932",-74.159702,40.528252
"2933",-74.159669,40.529318
"2934",-74.159627,40.528314
"2935",-74.159602,40.529254
"2936",-74.159576,40.52833
"2937",-74.159571,40.529222
"2938",-74.159506,40.528401
"2939",-74.159501,40.529158
"2940",-74.159469,40.529126
"2941",-74.159447,40.528418
"2942",-74.15942,40.529404
"2943",-74.159404,40.529061
"2944",-74.159404,40.529061
"2945",-74.159377,40.529423
"2946",-74.159371,40.529023
"2947",-74.159334,40.528916
"2948",-74.15931,40.528869
"2949",-74.159264,40.529459
"2950",-74.159256,40.528544
"2951",-74.159227,40.529484
"2952",-74.159213,40.528607
"2953",-74.159184,40.528458
"2954",-74.15916,40.52842
"2955",-74.159125,40.529527
"2956",-74.159125,40.529527
"2957",-74.159103,40.528314
"2958",-74.159079,40.528269
"2959",-74.159079,40.529103
"2960",-74.159074,40.529547
"2961",-74.159026,40.529123
"2962",-74.158969,40.529586
"2963",-74.158942,40.529178
"2964",-74.15891,40.529602
"2965",-74.158897,40.529196
"2966",-74.158822,40.528777
"2967",-74.158819,40.529258
"2968",-74.158776,40.528801
"2969",-74.158776,40.529282
"2970",-74.158704,40.528863
"2971",-74.15868,40.529333
"2972",-74.158653,40.528887
"2973",-74.158631,40.529357
"2974",-74.158602,40.528581
"2975",-74.15857,40.52894
"2976",-74.158543,40.5294
"2977",-74.15854,40.528606
"2978",-74.158524,40.528967
"2979",-74.158489,40.529425
"2980",-74.158462,40.528644
"2981",-74.158425,40.529001
"2982",-74.15842,40.528687
"2983",-74.158414,40.529472
"2984",-74.158369,40.529022
"2985",-74.158358,40.5295
"2986",-74.158334,40.528738
"2987",-74.158318,40.529107
"2988",-74.158312,40.528759
"2989",-74.158259,40.529126
"2990",-74.158197,40.528812
"2991",-74.158159,40.52916
"2992",-74.158159,40.52916
"2993",-74.158149,40.528836
"2994",-74.158108,40.529181
"2995",-74.158063,40.528881
"2996",-74.15802,40.52923
"2997",-74.158012,40.528914
"2998",-74.11595,39.740035
"2999",-74.075285,39.927283
"3000",-74.074848,39.927515
"3001",-74.075261,39.927587
"3002",-74.075468,39.927626
"3003",-74.075458,39.928726
"3004",-74.079718,39.913169
"3005",-74.26421,39.534455
"3006",-74.207852,39.608164
"3007",-74.114334,39.741883
"3008",-74.235591,39.575039
"3009",-74.067211,39.985332
"3010",-74.067324,39.986141
"3011",-74.076157,39.948762
"3012",-74.15728,39.67396
"3013",-74.075005,39.935246
"3014",-74.073821,39.935136
"3015",-74.205261,39.607564
"3016",-74.073657,39.934421
"3017",-74.159476,39.669367
"3018",-74.0668,39.986078
"3019",-74.157793,39.66956
"3020",-74.261553,39.532882
"3021",-74.255162,39.542369
"3022",-74.066259,39.986034
"3023",-74.2539,39.543908
"3024",-74.07436,39.9341
"3025",-74.253142,39.544903
"3026",-74.06771,39.985606
"3027",-74.159142,39.670569
"3028",-74.121567,39.728862
"3029",-74.122721,39.728701
"3030",-74.157393,39.671084
"3031",-74.205369,39.608498
"3032",-74.158753,39.671732
"3033",-74.12197,39.729881
"3034",-74.233416,39.570918
"3035",-74.066879,39.985414
"3036",-74.157576,39.671441
"3037",-74.156445,39.671541
"3038",-74.06646,39.98548
"3039",-74.15635,39.672465
"3040",-74.155402,39.672961
"3041",-73.686741,40.587106
"3042",-73.912658,40.563705
"3043",-73.700105,40.586202
"3044",-74.155847,39.673522
"3045",-74.155053,39.673804
"3046",-74.075234,39.929085
"3047",-74.158201,39.672743
"3048",-74.203938,39.608462
"3049",-74.073894,39.930476
"3050",-74.204132,39.608286
"3051",-74.157442,39.673783
"3052",-74.074629,39.931401
"3053",-74.074739,39.931044
"3054",-74.063552,39.988916
"3055",-74.067137,39.981459
"3056",-74.158336,39.674224
"3057",-74.074318,39.933442
"3058",-74.074194,39.933456
"3059",-74.076218,39.94168
"3060",-74.071743,39.957568
"3061",-74.07189,39.957679
"3062",-74.070338,39.9882
"3063",-74.074211,39.933057
"3064",-74.075994,39.944067
"3065",-74.078151,39.93564
"3066",-74.070049,39.982759
"3067",-74.078232,39.936321
"3068",-74.064231,39.99968
"3069",-74.070854,39.964961
"3070",-74.072768,39.955809
"3071",-74.157939,39.673172
"3072",-74.077057,39.93657
"3073",-74.074771,39.932097
"3074",-74.074428,39.932391
"3075",-74.235563,39.563111
"3076",-74.081233,39.954247
"3077",-74.07581,39.936798
"3078",-74.068679,39.942531
"3079",-74.159398,39.66823
"3080",-74.036139,40.096699
"3081",-74.063068,39.999631
"3082",-74.068945,39.987974
"3083",-74.07246,39.957273
"3084",-74.211013,39.597832
"3085",-74.079096,39.916264
"3086",-74.233949,39.567663
"3087",-74.076649,39.944582
"3088",-74.210683,39.598037
"3089",-74.156425,39.673851
"3090",-74.160964,39.67063
"3091",-74.169176,39.664854
"3092",-74.064214,39.99479
"3093",-74.064318,39.994586
"3094",-74.22511,39.589742
"3095",-74.065672,39.994153
"3096",-74.064802,39.99395
"3097",-74.215189,39.594891
"3098",-74.209992,39.605209
"3099",-74.202707,39.613968
"3100",-74.204515,39.612087
"3101",-74.06182,40.02071
"3102",-74.075634,39.942465
"3103",-74.187373,39.645099
"3104",-74.075771,39.942722
"3105",-74.0492,40.068323
"3106",-74.166428,39.666037
"3107",-74.162195,39.667865
"3108",-74.197549,39.621961
"3109",-74.076767,39.942674
"3110",-74.197537,39.621222
"3111",-74.207217,39.612704
"3112",-74.049429,40.069365
"3113",-74.064098,39.993259
"3114",-74.0696,39.954014
"3115",-74.222498,39.591761
"3116",-74.077378,39.917831
"3117",-74.063288,39.993409
"3118",-74.06321,39.993304
"3119",-74.063447,39.993141
"3120",-74.066884,39.998375
"3121",-74.063079,39.993068
"3122",-74.063228,39.992946
"3123",-74.063598,39.992785
"3124",-74.205043,39.614432
"3125",-74.179057,39.642856
"3126",-74.041057,40.078958
"3127",-74.213572,39.595761
"3128",-74.20382,39.612421
"3129",-74.064908,39.992934
"3130",-74.20353,39.612807
"3131",-74.172924,39.650486
"3132",-74.181915,39.639517
"3133",-74.065324,39.992779
"3134",-74.066132,39.992568
"3135",-74.063241,40.001179
"3136",-74.065505,39.992611
"3137",-74.065456,39.992451
"3138",-74.066076,39.992237
"3139",-74.065413,39.992288
"3140",-74.065025,39.992046
"3141",-74.064917,39.992192
"3142",-74.064206,39.991943
"3143",-74.188974,39.640412
"3144",-74.217748,39.598225
"3145",-74.06314,39.988477
"3146",-74.066774,40.002271
"3147",-74.067309,39.992523
"3148",-74.042541,40.072073
"3149",-74.042103,40.071634
"3150",-74.066923,39.969646
"3151",-74.067851,39.991767
"3152",-74.079889,39.948011
"3153",-74.068602,39.992369
"3154",-74.214953,39.595538
"3155",-74.038878,40.094773
"3156",-74.076851,39.937871
"3157",-74.069559,39.980562
"3158",-74.069448,39.99068
"3159",-74.077116,39.937873
"3160",-74.071063,39.969227
"3161",-74.069119,39.991082
"3162",-74.076195,39.927683
"3163",-74.075998,39.927733
"3164",-74.044238,40.07094
"3165",-74.039073,40.095227
"3166",-74.070676,39.991234
"3167",-73.6866,40.586869
"3168",-73.741154,40.589564
"3169",-74.063532,39.992291
"3170",-74.156148,39.67427
"3171",-74.063162,39.992219
"3172",-74.049238,40.073728
"3173",-74.048473,40.073588
"3174",-74.065236,39.981005
"3175",-74.073089,39.968689
"3176",-74.064959,39.981052
"3177",-74.044158,40.072655
"3178",-74.068117,39.982241
"3179",-74.04364,40.07394
"3180",-74.043283,40.074193
"3181",-74.073209,39.967597
"3182",-74.074768,39.966655
"3183",-74.042582,40.075843
"3184",-74.067879,39.982406
"3185",-74.074747,39.962768
"3186",-74.065676,39.981125
"3187",-74.073872,39.962928
"3188",-74.0659,39.981274
"3189",-74.064489,39.981126
"3190",-74.207723,39.602151
"3191",-74.068391,39.962532
"3192",-74.06479,39.981354
"3193",-74.065346,39.981401
"3194",-74.066543,39.967524
"3195",-74.079424,39.905256
"3196",-74.072152,39.968726
"3197",-74.065943,39.98204
"3198",-74.067556,39.968253
"3199",-74.06783,39.968273
"3200",-74.066838,39.968451
"3201",-74.066475,40.058407
"3202",-74.212758,39.604161
"3203",-74.065796,40.058988
"3204",-74.181617,39.639742
"3205",-74.065691,40.056549
"3206",-74.065471,40.056553
"3207",-74.044646,40.065328
"3208",-74.064768,40.056459
"3209",-74.04596,40.062352
"3210",-74.064431,39.982317
"3211",-74.067667,39.966672
"3212",-73.835373,40.580463
"3213",-73.699726,40.585254
"3214",-74.066034,39.982224
"3215",-74.066547,39.979453
"3216",-74.064826,39.98115
"3217",-74.046962,40.061467
"3218",-74.065431,39.982169
"3219",-74.040822,40.085391
"3220",-74.046736,40.062127
"3221",-74.071915,39.967414
"3222",-74.071319,39.967391
"3223",-74.063678,39.982976
"3224",-74.073705,39.96687
"3225",-74.197974,39.621361
"3226",-74.073105,39.966794
"3227",-74.068569,39.979973
"3228",-74.073059,39.966644
"3229",-74.04384,40.098053
"3230",-74.068065,39.9796
"3231",-74.161175,39.671909
"3232",-74.042676,40.085698
"3233",-74.063251,39.984375
"3234",-74.070148,39.967996
"3235",-74.041464,40.080249
"3236",-74.069808,39.966974
"3237",-74.068711,39.967875
"3238",-74.067652,39.967733
"3239",-74.067257,39.982346
"3240",-74.042832,40.09992
"3241",-74.067115,39.967302
"3242",-74.044701,40.098643
"3243",-74.044709,40.098914
"3244",-74.063934,40.002435
"3245",-74.234221,39.56589
"3246",-74.170618,39.660788
"3247",-74.066993,39.966594
"3248",-74.063805,40.002749
"3249",-74.064168,39.983073
"3250",-74.064395,40.003168
"3251",-74.065534,39.98355
"3252",-74.063209,40.003236
"3253",-74.064278,39.9837
"3254",-74.065755,40.003621
"3255",-74.07936,39.929126
"3256",-74.064541,39.984345
"3257",-74.078615,39.923665
"3258",-74.064735,39.984547
"3259",-74.063928,40.00461
"3260",-74.06404,40.004802
"3261",-74.065196,39.985341
"3262",-74.06602,40.004731
"3263",-74.067419,39.986569
"3264",-74.067392,39.986803
"3265",-74.067738,39.986821
"3266",-74.067379,40.004062
"3267",-74.075893,39.960903
"3268",-74.07574,39.929472
"3269",-74.077949,39.954167
"3270",-74.07658,39.944273
"3271",-74.176817,39.645606
"3272",-74.076164,39.954912
"3273",-74.075827,39.954893
"3274",-74.075534,39.955561
"3275",-74.075336,39.955553
"3276",-74.04667,40.064538
"3277",-74.075965,39.956265
"3278",-74.162409,39.667261
"3279",-74.044777,40.067022
"3280",-74.205043,39.61279
"3281",-74.20537,39.613516
"3282",-74.043559,40.067862
"3283",-74.044509,40.069231
"3284",-74.078839,39.93304
"3285",-74.047491,40.068809
"3286",-74.048995,40.069
"3287",-74.079355,39.934154
"3288",-74.079336,39.96267
"3289",-74.076452,39.963193
"3290",-74.213707,39.594371
"3291",-74.075283,39.963944
"3292",-74.078637,39.966158
"3293",-74.07572,39.964694
"3294",-74.213549,39.594488
"3295",-74.207209,39.61236
"3296",-74.069206,39.954333
"3297",-74.211543,39.605942
"3298",-74.061369,40.021589
"3299",-74.215141,39.598669
"3300",-74.208141,39.609607
"3301",-74.069748,39.954063
"3302",-74.070954,39.96656
"3303",-74.076354,39.956432
"3304",-74.077056,39.956519
"3305",-74.250225,39.548038
"3306",-73.912671,40.563774
"3307",-73.700121,40.586338
"3308",-74.072199,39.965573
"3309",-74.07341,39.965116
"3310",-74.161401,39.666228
"3311",-74.073681,39.964925
"3312",-74.208343,39.608352
"3313",-74.074244,39.963704
"3314",-74.07371,39.963805
"3315",-74.073556,39.963659
"3316",-74.074135,39.963594
"3317",-74.071825,39.964371
"3318",-74.072082,39.965123
"3319",-74.072461,39.964756
"3320",-74.071761,39.964841
"3321",-74.070374,39.965415
"3322",-74.070911,39.965455
"3323",-74.068932,39.965597
"3324",-74.07137,39.964707
"3325",-74.071018,39.96354
"3326",-74.071577,39.963567
"3327",-74.069124,39.962963
"3328",-74.068493,39.963692
"3329",-74.068409,39.964412
"3330",-74.210068,39.605592
"3331",-74.198359,39.62168
"3332",-74.157002,39.673581
"3333",-74.202311,39.612281
"3334",-74.232406,39.567043
"3335",-74.160622,39.671338
"3336",-74.186685,39.646578
"3337",-74.203151,39.614173
"3338",-74.226659,39.585871
"3339",-74.064867,39.984812
"3340",-74.196912,39.621978
"3341",-74.205207,39.613436
"3342",-74.232059,39.577885
"3343",-74.201991,39.614859
"3344",-74.181943,39.648094
"3345",-74.216592,39.594941
"3346",-74.064875,39.977859
"3347",-74.066006,39.977875
"3348",-74.065176,39.977382
"3349",-74.065692,39.977382
"3350",-74.066121,39.977122
"3351",-74.065697,39.976313
"3352",-74.066662,39.976408
"3353",-74.065207,39.975841
"3354",-74.06585,39.975615
"3355",-74.066792,39.976055
"3356",-74.067768,39.975292
"3357",-74.165915,39.666649
"3358",-74.076977,39.943645
"3359",-74.178701,39.643925
"3360",-74.172789,39.651337
"3361",-74.063789,39.985585
"3362",-73.964193,40.845788
"3363",-73.998771,40.810263
"3364",-74.002021,40.810956
"3365",-74.034714,40.83974
"3366",-74.001478,40.941946
"3367",-74.034607,40.838492
"3368",-73.951289,40.909806
"3369",-74.049059,40.838863
"3370",-74.028374,40.868308
"3371",-74.062151,40.820216
"3372",-73.244117,41.128954
"3373",-73.240029,41.159408
"3374",-73.242991,41.12985
"3375",-73.59087,41.02328
"3376",-73.243608,41.128176
"3377",-73.242397,41.131748
"3378",-73.603038,41.015517
"3379",-73.237732,41.159666
"3380",-73.218556,41.157608
"3381",-73.246903,41.131438
"3382",-73.242883,41.130844
"3383",-73.58076,41.029957
"3384",-73.490004,41.044756
"3385",-73.246335,41.136363
"3386",-73.435437,41.057533
"3387",-73.248447,41.131786
"3388",-73.606106,41.02477
"3389",-73.529677,41.019121
"3390",-73.489679,41.044859
"3391",-73.433957,41.0571
"3392",-73.43334,41.056202
"3393",-73.433332,41.056439
"3394",-73.221683,41.15265
"3395",-73.550399,41.033555
"3396",-73.220301,41.15604
"3397",-73.245412,41.136736
"3398",-73.220964,41.155535
"3399",-73.246332,41.159164
"3400",-73.246745,41.159005
"3401",-73.217874,41.158474
"3402",-73.242973,41.129374
"3403",-73.217725,41.155331
"3404",-73.243133,41.13269
"3405",-73.243391,41.129662
"3406",-74.06832,39.998243
"3407",-73.245246,41.130365
"3408",-73.242813,41.132473
"3409",-73.261746,41.118843
"3410",-73.24443,41.12991
"3411",-73.243495,41.13236
"3412",-73.245262,41.137745
"3413",-72.464388,41.274067
"3414",-72.46436,41.275109
"3415",-72.465031,41.27437
"3416",-72.462518,41.275108
"3417",-72.460702,41.276194
"3418",-72.46516,41.275267
"3419",-72.340927,41.345127
"3420",-73.028542,41.207752
"3421",-73.005182,41.219879
"3422",-73.028931,41.207729
"3423",-73.02921,41.2078
"3424",-73.028359,41.208193
"3425",-73.00541,41.221342
"3426",-73.03097,41.207494
"3427",-73.028212,41.207772
"3428",-73.025993,41.208308
"3429",-72.628896,41.27086
"3430",-72.873542,41.244918
"3431",-73.024026,41.207731
"3432",-73.061518,41.205039
"3433",-73.018766,41.20495
"3434",-73.018622,41.205227
"3435",-73.019909,41.205463
"3436",-73.019912,41.205818
"3437",-73.018753,41.205863
"3438",-73.016939,41.205086
"3439",-73.012887,41.206779
"3440",-75.081776,38.465262
"3441",-75.081442,38.465164
"3442",-75.081274,38.465255
"3443",-75.080642,38.464508
"3444",-75.080432,38.464589
"3445",-73.74117,40.589295
"3446",-73.700769,40.585204
"3447",-73.702453,40.587697
"3448",-75.106309,38.480012
"3449",-75.092046,38.477983
"3450",-75.09295,38.478326
"3451",-75.081008,38.465288
"3452",-75.058762,38.541946
"3453",-75.0812,38.465572
"3454",-75.080604,38.465304
"3455",-75.850193,37.983202
"3456",-75.84734,37.985103
"3457",-75.848199,37.984358
"3458",-75.852733,37.984648
"3459",-75.85228,37.986182
"3460",-75.846992,37.982557
"3461",-75.849053,37.98445
"3462",-75.852038,37.983857
"3463",-75.848484,37.980567
"3464",-75.851481,37.984865
"3465",-75.84671,37.982738
"3466",-75.849098,37.980662
"3467",-75.850308,37.984061
"3468",-75.84978,37.984687
"3469",-75.851344,37.980961
"3470",-75.122491,38.446485
"3471",-75.138937,38.29013
"3472",-75.139616,38.290558
"3473",-75.139779,38.290137
"3474",-75.126289,38.421554
"3475",-75.140797,38.290288
"3476",-75.141122,38.290589
"3477",-75.140283,38.290468
"3478",-73.684452,40.586593
"3479",-75.109443,38.34564
"3480",-75.071702,38.385121
"3481",-75.070733,38.387639
"3482",-75.09658,38.351715
"3483",-75.143812,38.289054
"3484",-75.14242,38.288663
"3485",-75.14257,38.289006
"3486",-75.139831,38.28729
"3487",-75.078493,38.354142
"3488",-75.07871,38.354196
"3489",-75.139892,38.287162
"3490",-75.079064,38.354308
"3491",-75.140359,38.287791
"3492",-75.1379,38.286957
"3493",-75.137945,38.287795
"3494",-75.139176,38.289567
"3495",-75.139251,38.289344
"3496",-75.099788,38.330526
"3497",-75.865525,36.533338
"3498",-75.873521,36.542643
"3499",-75.875487,36.542342
"3500",-75.874053,36.546189
"3501",-71.478912,41.379386
"3502",-71.60462,41.36438
"3503",-71.557511,41.374011
"3504",-71.556479,41.374022
"3505",-71.715072,41.331389
"3506",-75.998702,36.843209
"3507",-75.927867,36.703733
"3508",-76.210564,36.935272
"3509",-75.537755,37.956016
"3510",-75.542945,37.92281
"3511",-70.018475,41.677816
"3512",-73.99597,40.682792
"3513",-73.975665,40.723328
"3514",-73.975998,40.722929
"3515",-73.979513,40.725629
"3516",-73.974701,40.743556
"3517",-73.975143,40.732539
"3518",-73.978341,40.724516
"3519",-74.008929,40.707817
"3520",-74.007686,40.710405
"3521",-73.973178,40.742168
"3522",-73.946624,40.76663
"3523",-74.002135,40.707687
"3524",-73.965214,40.769613
"3525",-73.950561,40.76253
"3526",-73.951196,40.76176
"3527",-74.005595,40.74448
"3528",-74.005915,40.712658
"3529",-74.007482,40.71419
"3530",-74.001551,40.705499
"3531",-74.006419,40.742808
"3532",-74.006943,40.738859
"3533",-74.010043,40.715373
"3534",-73.955148,40.764421
"3535",-74.005493,40.741729
"3536",-74.009415,40.716074
"3537",-74.007793,40.738884
"3538",-74.005864,40.739181
"3539",-74.007509,40.74
"3540",-74.008008,40.715189
"3541",-74.00779,40.739721
"3542",-74.009828,40.718245
"3543",-74.00916,40.718397
"3544",-74.012151,40.712604
"3545",-74.006488,40.718237
"3546",-73.976145,40.728309
"3547",-73.835212,40.580524
"3548",-73.821379,40.606851
"3549",-73.96177,40.764786
"3550",-74.215745,39.649521
"3551",-73.645628,40.853405
"3552",-73.645226,40.853538
"3553",-73.543249,40.908835
"3554",-73.544972,40.907015
"3555",-73.550819,40.906625
"3556",-73.560858,40.9126
"3557",-73.55005,40.905774
"3558",-73.545029,40.907785
"3559",-73.751178,40.626745
"3560",-73.673547,40.592535
"3561",-73.653605,40.584169
"3562",-73.64492,40.584554
"3563",-74.522897,39.318608
"3564",-74.010666,40.70223
"3565",-73.667692,40.590543
"3566",-73.656528,40.584506
"3567",-73.546094,40.908236
"3568",-73.699556,40.584314
"3569",-73.702268,40.587758
"3570",-73.543176,40.906847
"3571",-73.548329,40.908408
"3572",-73.655721,40.635861
"3573",-73.499464,40.647468
"3574",-73.662453,40.585296
"3575",-73.496075,40.649478
"3576",-73.698613,40.585145
"3577",-73.662571,40.585
"3578",-73.657208,40.63448
"3579",-73.655918,40.634854
"3580",-73.687111,40.584822
"3581",-73.68824,40.585472
"3582",-73.64357,40.594263
"3583",-73.737215,40.629841
"3584",-73.698608,40.585258
"3585",-73.648309,40.584515
"3586",-73.544258,40.906766
"3587",-73.69914,40.584753
"3588",-73.736513,40.629503
"3589",-73.540367,40.908748
"3590",-73.649293,40.592472
"3591",-73.550337,40.908496
"3592",-73.735504,40.628352
"3593",-73.721678,40.585997
"3594",-73.734989,40.628529
"3595",-73.551189,40.907953
"3596",-73.539325,40.91008
"3597",-73.647538,40.853728
"3598",-73.688235,40.584739
"3599",-73.542829,40.906029
"3600",-73.547982,40.907097
"3601",-73.543605,40.905804
"3602",-73.740298,40.634797
"3603",-73.699519,40.587514
"3604",-74.232581,39.569401
"3605",-73.544293,40.905975
"3606",-73.716312,40.586311
"3607",-73.739219,40.634665
"3608",-73.736199,40.627752
"3609",-73.676814,40.588781
"3610",-73.548296,40.906472
"3611",-73.712398,40.585077
"3612",-73.738745,40.634083
"3613",-73.723153,40.59884
"3614",-73.538684,40.910329
"3615",-73.642346,40.593991
"3616",-73.718574,40.585472
"3617",-73.544665,40.906552
"3618",-73.642524,40.593776
"3619",-73.543421,40.906102
"3620",-73.62314,40.898177
"3621",-73.722226,40.585817
"3622",-73.544651,40.906093
"3623",-73.68064,40.5848
"3624",-73.548229,40.906086
"3625",-73.548654,40.905902
"3626",-73.739795,40.632672
"3627",-73.625615,40.898731
"3628",-73.548933,40.905633
"3629",-73.719825,40.604693
"3630",-73.544012,40.905257
"3631",-73.640687,40.594416
"3632",-73.642555,40.593519
"3633",-73.713369,40.585012
"3634",-73.547028,40.906676
"3635",-73.684527,40.590193
"3636",-73.541847,40.906817
"3637",-73.548146,40.905749
"3638",-73.628456,40.899604
"3639",-73.68445,40.586473
"3640",-73.741208,40.589161
"3641",-73.702453,40.587768
"3642",-73.735563,40.626866
"3643",-73.583168,40.593717
"3644",-73.629082,40.900004
"3645",-73.546762,40.905537
"3646",-73.584128,40.593391
"3647",-73.541515,40.906091
"3648",-73.647138,40.593281
"3649",-73.546248,40.905522
"3650",-73.73787,40.628643
"3651",-73.64738,40.593572
"3652",-73.73846,40.628997
"3653",-73.75132,40.627085
"3654",-73.605703,40.90397
"3655",-73.544968,40.907103
"3656",-73.750998,40.627358
"3657",-73.700141,40.584154
"3658",-73.700133,40.584234
"3659",-73.685124,40.585489
"3660",-73.647632,40.594626
"3661",-73.539992,40.856319
"3662",-73.524609,40.874616
"3663",-73.54053,40.909291
"3664",-73.537279,40.910649
"3665",-73.541297,40.910296
"3666",-73.64351,40.592504
"3667",-73.53798,40.911173
"3668",-73.6418,40.594282
"3669",-73.541313,40.910004
"3670",-73.64178,40.593928
"3671",-73.645335,40.593948
"3672",-73.646517,40.592923
"3673",-73.541173,40.908651
"3674",-73.646027,40.592765
"3675",-73.646333,40.592759
"3676",-73.543625,40.909124
"3677",-73.645136,40.593359
"3678",-73.559465,40.903127
"3679",-73.683503,40.588009
"3680",-74.215895,39.649414
"3681",-73.543072,40.908424
"3682",-73.540329,40.910089
"3683",-73.645341,40.593083
"3684",-73.677053,40.58556
"3685",-73.64492,40.584554
"3686",-73.698927,40.585341
"3687",-73.655746,40.59334
"3688",-73.635723,40.585687
"3689",-73.687266,40.588479
"3690",-73.685523,40.589013
"3691",-73.64639,40.58435
"3692",-73.674776,40.592439
"3693",-73.680642,40.585511
"3694",-74.159702,40.528252
"3695",-74.1599,40.528167
"3696",-74.100486,40.563032
"3697",-74.159501,40.529158
"3698",-74.164369,40.527768
"3699",-74.121848,40.556237
"3700",-74.114914,40.552614
"3701",-74.159125,40.529527
"3702",-74.164817,40.5268
"3703",-74.159704,40.529357
"3704",-74.177163,40.52061
"3705",-74.098641,40.563578
"3706",-74.176737,40.520875
"3707",-74.157952,40.52964
"3708",-74.10198,40.563783
"3709",-74.229017,40.508958
"3710",-74.113225,40.551462
"3711",-74.157977,40.529679
"3712",-74.240393,40.500345
"3713",-74.088127,40.573669
"3714",-74.089609,40.572495
"3715",-74.116632,40.554221
"3716",-74.148303,40.535522
"3717",-74.160187,40.528961
"3718",-74.071214,40.62171
"3719",-74.066798,40.618271
"3720",-74.240417,40.499167
"3721",-74.062414,40.614371
"3722",-74.064748,40.593967
"3723",-74.064673,40.594019
"3724",-74.115395,40.553073
"3725",-74.101227,40.565726
"3726",-74.240562,40.499546
"3727",-74.14468,40.541928
"3728",-74.115767,40.553051
"3729",-74.160299,40.529408
"3730",-74.160967,40.528054
"3731",-74.099955,40.565158
"3732",-74.239393,40.500355
"3733",-74.062403,40.595066
"3734",-74.088372,40.572961
"3735",-74.2193,40.535867
"3736",-74.062476,40.59529
"3737",-74.100604,40.564138
"3738",-74.239694,40.500058
"3739",-74.082449,40.578285
"3740",-74.107162,40.558337
"3741",-74.160726,40.529228
"3742",-73.745916,40.596421
"3743",-74.068401,39.998099
"3744",-73.912867,40.56364
"3745",-74.090509,40.5758
"3746",-74.099637,40.565045
"3747",-74.241187,40.498663
"3748",-74.158952,40.530088
"3749",-74.084937,40.576069
"3750",-74.238543,40.499451
"3751",-74.100757,40.562964
"3752",-74.103172,40.563067
"3753",-74.06414,40.594746
"3754",-74.144148,40.541877
"3755",-74.106892,40.55899
"3756",-74.094782,40.57656
"3757",-74.117546,40.556856
"3758",-74.089929,40.573989
"3759",-74.145531,40.538072
"3760",-74.064752,40.594422
"3761",-74.148488,40.535827
"3762",-74.090313,40.573687
"3763",-74.144397,40.542537
"3764",-74.115149,40.55671
"3765",-74.122003,40.557382
"3766",-74.170288,40.523348
"3767",-74.100624,40.565665
"3768",-74.158767,40.530141
"3769",-74.080171,40.578353
"3770",-74.074331,40.636923
"3771",-74.103526,40.562651
"3772",-74.084771,40.575273
"3773",-74.115925,40.562666
"3774",-74.099645,40.563462
"3775",-74.11819,40.556134
"3776",-74.234325,40.501466
"3777",-74.234135,40.501593
"3778",-74.113492,40.556306
"3779",-74.074272,40.638069
"3780",-74.150576,40.532935
"3781",-74.100233,40.563402
"3782",-74.101557,40.560358
"3783",-74.102441,40.561456
"3784",-74.103984,40.560852
"3785",-74.079367,40.589784
"3786",-74.148322,40.536514
"3787",-74.080179,40.578179
"3788",-74.099938,40.563508
"3789",-74.088148,40.585624
"3790",-74.113616,40.55181
"3791",-74.079785,40.57859
"3792",-74.139255,40.54641
"3793",-74.101857,40.561168
"3794",-74.139369,40.546502
"3795",-74.115379,40.552333
"3796",-74.080022,40.579902
"3797",-74.079787,40.580011
"3798",-74.114217,40.551283
"3799",-74.117427,40.554878
"3800",-74.073483,40.634467
"3801",-74.140011,40.545583
"3802",-74.168271,40.52454
"3803",-74.143261,40.544299
"3804",-74.100794,40.563497
"3805",-74.081674,40.581993
"3806",-74.100048,40.564783
"3807",-74.103638,40.557194
"3808",-74.089916,40.57316
"3809",-74.103043,40.561001
"3810",-74.084249,40.575863
"3811",-74.102709,40.560843
"3812",-74.148,40.638712
"3813",-74.101707,40.560808
"3814",-74.242078,40.545655
"3815",-74.14797,40.638537
"3816",-74.147293,40.538648
"3817",-74.104249,40.561511
"3818",-74.19462,40.51185
"3819",-74.111162,40.554059
"3820",-74.106332,40.559078
"3821",-74.117641,40.555649
"3822",-74.194668,40.511797
"3823",-74.240793,40.49882
"3824",-73.684441,40.586161
"3825",-74.23275,39.569465
"3826",-74.173831,40.523844
"3827",-74.080319,40.579374
"3828",-74.11777,40.555507
"3829",-74.102137,40.561845
"3830",-74.098903,40.564398
"3831",-74.098978,40.56443
"3832",-74.159074,40.529547
"3833",-73.908903,40.888248
"3834",-73.919929,40.90941
"3835",-73.94862,40.575996
"3836",-73.948152,40.575564
"3837",-73.948233,40.575894
"3838",-73.948265,40.575998
"3839",-74.008148,40.576153
"3840",-74.008145,40.575839
"3841",-73.9501,40.579001
"3842",-73.950033,40.578178
"3843",-73.951131,40.579074
"3844",-73.950409,40.577507
"3845",-73.950437,40.580477
"3846",-73.948771,40.576715
"3847",-73.926346,40.58507
"3848",-73.949489,40.577697
"3849",-73.94883,40.577049
"3850",-73.950716,40.576706
"3851",-73.947621,40.57777
"3852",-74.001136,40.575642
"3853",-74.00223,40.575572
"3854",-74.005856,40.576955
"3855",-74.007014,40.578757
"3856",-73.98437,40.581385
"3857",-74.005923,40.577049
"3858",-74.006697,40.579075
"3859",-74.001114,40.575051
"3860",-74.004895,40.578965
"3861",-74.002723,40.576092
"3862",-73.949511,40.577792
"3863",-73.925183,40.586013
"3864",-74.006593,40.580158
"3865",-74.007417,40.575384
"3866",-74.003686,40.57564
"3867",-73.947986,40.579644
"3868",-73.95401,40.576046
"3869",-73.950816,40.579733
"3870",-74.096586,40.575573
"3871",-73.665351,40.602062
"3872",-74.421034,39.360276
"3873",-74.004091,40.576273
"3874",-73.949269,40.57643
"3875",-73.948673,40.578186
"3876",-73.951739,40.579588
"3877",-74.007675,40.577568
"3878",-73.953849,40.57516
"3879",-73.949559,40.577898
"3880",-74.006701,40.57768
"3881",-73.947222,40.581136
"3882",-73.949014,40.58014
"3883",-74.006414,40.578079
"3884",-73.953493,40.576507
"3885",-74.007302,40.577986
"3886",-73.950905,40.574847
"3887",-74.000073,40.579076
"3888",-73.948337,40.579658
"3889",-73.999762,40.580176
"3890",-73.951374,40.580448
"3891",-73.946586,40.577835
"3892",-73.951436,40.58066
"3893",-74.006347,40.576038
"3894",-74.00336,40.572761
"3895",-73.951487,40.581008
"3896",-73.946996,40.578029
"3897",-73.94686,40.579031
"3898",-73.989771,40.572296
"3899",-73.947217,40.581012
"3900",-73.92698,40.588208
"3901",-73.947244,40.581323
"3902",-73.925059,40.587378
"3903",-73.995984,40.575906
"3904",-73.995898,40.576444
"3905",-73.947044,40.578292
"3906",-73.998572,40.576743
"3907",-73.947336,40.579681
"3908",-74.004846,40.574158
"3909",-74.000152,40.576022
"3910",-73.949525,40.575856
"3911",-73.935102,40.583268
"3912",-74.004248,40.573146
"3913",-74.006844,40.574039
"3914",-73.982564,40.694519
"3915",-73.935363,40.583804
"3916",-74.004761,40.576466
"3917",-73.835062,40.580522
"3918",-73.841922,40.581393
"3919",-73.952894,40.580571
"3920",-73.134571,40.651772
"3921",-74.185784,39.646566
"3922",-74.009969,40.57482
"3923",-73.951451,40.577923
"3924",-74.003565,40.576592
"3925",-74.00566,40.578445
"3926",-73.992174,40.70071
"3927",-73.981088,40.573144
"3928",-73.952552,40.578805
"3929",-74.004192,40.577598
"3930",-73.952016,40.578976
"3931",-74.008089,40.576544
"3932",-73.330745,40.679485
"3933",-73.130375,40.919585
"3934",-73.450447,40.904808
"3935",-73.139928,40.92583
"3936",-73.316783,40.926809
"3937",-73.106759,40.950554
"3938",-73.34962,40.672448
"3939",-72.18139,41.01385
"3940",-73.367066,40.890902
"3941",-73.314589,40.926324
"3942",-73.313627,40.925617
"3943",-73.420667,40.902069
"3944",-72.180974,41.021551
"3945",-72.180899,41.021373
"3946",-73.419677,40.901747
"3947",-73.348004,40.67182
"3948",-73.373189,40.897992
"3949",-73.390548,40.930324
"3950",-73.367367,40.890462
"3951",-73.367466,40.891275
"3952",-72.997678,40.96559
"3953",-73.331798,40.679106
"3954",-73.135882,40.651138
"3955",-73.912827,40.563695
"3956",-73.197742,40.635038
"3957",-73.820036,40.607666
"3958",-73.841803,40.579563
"3959",-73.820039,40.605053
"3960",-73.799834,40.59525
"3961",-73.792224,40.588741
"3962",-73.819671,40.607432
"3963",-74.216008,39.649314
"3964",-73.569986,41.039426
"3965",-73.951781,40.577564
"3966",-73.373291,40.890118
"3967",-72.992873,40.96561
"3968",-73.331842,40.871806
"3969",-73.326029,40.872566
"3970",-73.411135,40.903696
"3971",-73.069608,40.966767
"3972",-73.000735,40.965349
"3973",-73.37876,40.661867
"3974",-73.360195,40.667598
"3975",-73.357362,40.669055
"3976",-73.358169,40.667487
"3977",-73.35881,40.668031
"3978",-73.817915,40.609096
"3979",-73.8173,40.608833
"3980",-73.930551,40.552114
"3981",-73.916744,40.556807
"3982",-73.860424,40.572224
"3983",-73.849334,40.577491
"3984",-73.860803,40.572847
"3985",-73.846297,40.576005
"3986",-73.846076,40.578653
"3987",-73.921413,40.557099
"3988",-73.921828,40.559892
"3989",-73.851371,40.580515
"3990",-73.852773,40.573498
"3991",-73.922979,40.559425
"3992",-73.835212,40.580738
"3993",-73.738492,40.600006
"3994",-73.909761,40.561241
"3995",-73.731634,40.650534
"3996",-73.702473,40.587929
